Gene	Product	EnClNCTC9394 NPEQ	KlPnEcl8 NPEQ	KlPnRH201207 NPEQ	CiRoICC168 NPEQ	SaTySL1344 NPEQ	SaTySL3261 NPEQ	SaTyD23580 NPEQ	SaTyA130 NPEQ	SaEnP125109 NPEQ	SaTyTy2 NPEQ	EsCoEC958 NPEQ	EsCoST131 NPEQ	EsCoCS17 NPEQ	EsCoH10407 NPEQ	EsCoBW25113 NPEQ	EsCoMG1655 NPEQ	EnClNCTC9394 locus tag	KlPnEcl8 locus tag	KlPnRH201207 locus tag	CiRoICC168 locus tag	SaTySL1344 locus tag	SaTySL3261 locus tag	SaTyD23580 locus tag	SaTyA130 locus tag	SaEnP125109 locus tag	SaTyTy2 locus tag	EsCoEC958 locus tag	EsCoST131 locus tag	EsCoCS17 locus tag	EsCoH10407 locus tag	EsCoBW25113 locus tag	EsCoMG1655 locus tag
secA	preprotein translocase subunit, ATPase	-4.5	-2.35048514828436	-4.5	-1.66436241981693	-3.32463995095109	-3.24804542732391	-1.76882211399804	-2.29100766847369	-0.907507363481211	-3.0658097502768	-3.42511241559764	-2.3008947868679	X	-2.02952687211159	-4.5	-4.5	ENC_46100	BN373_05911	ERS227112_02438A	ROD_01041	SL1344_0136	SL3261_0136	STMMW_01421	STM_MW01421	SEN0137	t0140	EC958_0239	NCTC13441_15added	X	ETEC_0096	BW25113_0098	b0098
lptD	LPS assembly OM complex LptDE, beta-barrel component	X	-0.888836942773674	-2.80132318761602	-2.68085925334129	-3.22897162111159	-3.16818949228338	-1.11761464046648	-2.21607426405979	-0.964379344276064	-4.5	-3.34819588782274	-4.5	-1.62417646859169	-2.48244572331576	-2.26582609817791	-4.5	X	BN373_05381	ERS227112_02387	ROD_00611	SL1344_0094	SL3261_0094	STMMW_00981	STM_MW00981	SEN0095	t0096	EC958_0190	NCTC13441_03934	CS17_00055	ETEC_0054	BW25113_0054	b0054
parE	DNA topoisomerase IV, subunit B	X	-2.2116828261139	-2.71652138617759	-1.86700309076566	-3.03143260248015	-3.04827674593918	-1.80662510062017	-4.5	-1.50673421290161	-4.5	-3.27105370213466	-2.64000871222168	-2.28197159233148	-1.68485643792597	-4.5	-4.5	X	BN373_40961	ERS227112_01164	ROD_35771	SL1344_3155	SL3261_3155	STMMW_31411	STM_MW31411	SEN3024	t3102	EC958_3433	NCTC13441_00665	CS17_03458	ETEC_3302	BW25113_3030	b3030
aspS	aspartyl-tRNA synthetase	X	-4.5	-4.5	-4.5	-4.5	-2.08253505761416	-2.09511838869488	-4.5	-1.8371437987092	-4.5	-2.4282218515691	-4.5	-2.54030840384311	-2.5620558497449	-0.848804496349089	-4.5	X	BN373_29661	ERS227112_04281	ROD_19071	SL1344_1836	SL3261_1836	STMMW_18841	STM_MW18841	SEN1102	t0976	EC958_2089	NCTC13441_02015	CS17_02055	ETEC_1899	BW25113_1866	b1866
dnaG	DNA primase	X	-2.14352633114198	-4.5	-2.47916750332304	-2.26813615757428	-2.97921480567271	-1.42586108949612	-2.08346664939253	-1.15898494435938	-4.5	-4.5	-1.88235489593331	-2.48528735863691	-1.84852543004293	-4.5	-4.5	X	BN373_41281	ERS227112_01132	ROD_36181	SL1344_3184	SL3261_3184	STMMW_31711	STM_MW31711	SEN3053	t3130	EC958_3472	NCTC13441_00626	CS17_03496	ETEC_3337	BW25113_3066	b3066
dnaX	DNA polymerase III/DNA elongation factor III, tau and gamma subunits	X	-4.5	-4.5	-4.5	-4.5	-2.66508080645177	-2.39711762528081	-4.5	-2.98668196484546	-4.5	-1.62103627523966	-4.5	X	-1.71020686897126	-2.07915075746818	-4.5	X	BN373_09401	ERS227112_02804A	ROD_05281	SL1344_0477	SL3261_0477	STMMW_05541	STM_MW05541	SEN0465	t2376	EC958_0609	NCTC13441_14added	X	ETEC_0522	BW25113_0470	b0470
murJ	putative lipid II flippase	X	-4.5	-4.5	-2.08051603551135	-2.63724671168867	-4.5	-1.35163076415548	-4.5	-1.74247499148316	-4.5	-1.70021143841628	-2.02928602118015	-2.10529451943205	-4.5	-4.5	-4.5	X	BN373_16941	ERS227112_03557	ROD_11321	SL1344_1107	SL3261_1107	STMMW_11781	STM_MW11781	SEN1878	t1750	EC958_1264	NCTC13441_02843	CS17_01207	ETEC_1134	BW25113_1069	b1069
der	GTPase; multicopy suppressor of ftsJ	X	-1.55074527149892	-4.5	-4.5	-2.61506816372623	-4.5	-2.12804087507791	-4.5	-0.247077670144395	-4.5	-4.5	-4.5	-2.5196111292934	-2.53901098578135	-1.81016915938708	-4.5	X	BN373_34981	ERS227112_00074	ROD_24541	SL1344_2481	SL3261_2481	STMMW_25361	STM_MW25361	SEN2499	t0337	EC958_2821	NCTC13441_01225	CS17_02797	ETEC_2668	BW25113_2511	b2511
prfA	peptide chain release factor RF-1	X	-4.5	-4.5	-0.661929921162014	-4.5	-4.5	-0.300678792615182	-4.5	-1.70702081596782	-4.5	-4.5	-4.5	-1.97528705468839	-2.07574737682349	-4.5	-4.5	X	BN373_28281	ERS227112_04434	ROD_18021	SL1344_1704	SL3261_1704	STMMW_17681	STM_MW17681	SEN1263	t1100	EC958_1479	NCTC13441_02631	CS17_01389	ETEC_1315	BW25113_1211	b1211
prfB	peptide chain release factor RF-2	-4.5	-4.5	-4.5	-4.5	-1.78451860335717	-4.5	-2.11572213218891	-4.5	-1.92163504872278	-4.5	-0.945239696619978	-4.5	-2.79918530222954	X	-4.5	-4.5	ENC_31260	BN373_39861	ERS227112_01344	ROD_49421	SL1344_3017	SL3261_3017	STMMW_30011	STM_MW30011	SEN2884	t2959	EC958_3172	NCTC13441_00864	CS17_03248	X	BW25113_2891	b2891
ispH	4-hydroxy-3-methylbut-2-enyl diphosphate reductase, 4Fe-4S protein	X	-4.5	-4.5	-4.5	-4.5	-2.30402347745341	-4.5	-0.703910051788948	-0.620191125725914	-4.5	-2.46893241966423	-4.5	-1.42179841385566	-2.3284344786186	-4.5	-4.5	X	BN373_05051	ERS227112_02359	ROD_00261	SL1344_0050	SL3261_0050	STMMW_00501	STM_MW00501	SEN0049	t0051	EC958_0161	NCTC13441_03963	CS17_00028	ETEC_0029	BW25113_0029	b0029
secF	SecYEG protein translocase auxillary subunit	X	-4.5	-4.5	-4.5	-1.06555403084696	-1.34432803445161	-4.5	-4.5	-0.610589046090015	-4.5	-0.827492134425523	-4.5	-2.2069445344534	-2.13852708872871	-4.5	-4.5	X	BN373_08491	ERS227112_02711	ROD_04571	SL1344_0403	SL3261_0403	STMMW_04781	STM_MW04781	SEN0391	t2455	EC958_0547	NCTC13441_03570	CS17_00439	ETEC_0462	BW25113_0409	b0409
kdsA	3-deoxy-D-manno-octulosonate 8-phosphate synthase	X	-4.5	-4.5	-4.5	-1.80579652708017	-4.5	-1.16009138937657	-4.5	-0.372704514406271	-4.5	-4.5	-1.28903694162476	-2.42958674396682	-4.5	-0.642021891217027	-4.5	X	BN373_28241	ERS227112_04438	ROD_17981	SL1344_1700	SL3261_1700	STMMW_17641	STM_MW17641	SEN1267	t1104	EC958_1483	NCTC13441_02627	CS17_01393	ETEC_1319	BW25113_1215	b1215
nadE	NAD synthetase, NH3/glutamine-dependent	X	-4.5	-1.86623655239907	-4.5	-4.5	-4.5	-1.1355071123535	-4.5	-1.03011714070638	-4.5	-1.66591903185147	-4.5	-4.5	-0.91557066796699	-4.5	-4.5	X	BN373_18511	ERS227112_05505	ROD_13161	SL1344_1245	SL3261_1245	STMMW_13171	STM_MW13171	SEN1733	t1189	EC958_1961	NCTC13441_02140	CS17_01927	ETEC_1772	BW25113_1740	b1740
ispE	4-diphosphocytidyl-2-C-methylerythritol kinase	X	-0.678542291739909	-4.5	-4.5	-4.5	-4.5	-1.1634174488963	-4.5	-1.06186815564629	-4.5	-4.5	-4.5	-4.5	-4.5	-4.5	-4.5	X	BN373_28311	ERS227112_04431	ROD_18051	SL1344_1707	SL3261_1707	STMMW_17711	STM_MW17711	SEN1260	t1097	EC958_1476	NCTC13441_02634	CS17_01386	ETEC_1312	BW25113_1208	b1208
hemD	uroporphyrinogen III synthase	X	-1.4362897372123	-4.5	-1.16367675101839	-1.65565607999606	-4.5	-2.33414525187227	-4.5	-0.894420342084785	-4.5	-4.5	-1.21158060206335	-1.20374743620453	-1.14400041559304	-4.5	-4.5	X	BN373_49281	ERS227112_01775	ROD_39471	SL1344_3892	SL3261_3892	STMMW_39081	STM_MW39081	SEN3738	t3360	EC958_4265	NCTC13441_04716	CS17_04258	ETEC_4083	BW25113_3804	b3804
infC	translation initiation factor IF-3	X	-4.5	-4.5	-1.36372921982821	-4.5	-4.5	-4.5	-4.5	-4.5	-4.5	-4.5	-4.5	-4.5	-0.94737707648832	-4.5	-4.5	X	BN373_27651	ERS227112_04493	ROD_13381	SL1344_1268	SL3261_1268	STMMW_13411	STM_MW13411	SEN1710	t1214	EC958_1939	NCTC13441_02161	CS17_01901	ETEC_1750	BW25113_1718	b1718
accB	acetyl CoA carboxylase, BCCP subunit	-1.55705388884512	-0.837167369692786	-4.5	-4.5	-1.71065807893899	-4.5	-4.5	X	-1.32141130169727	-4.5	-4.5	-4.5	-2.30715876452204	-1.64264615129029	-0.884042109266414	-4.5	ENC_35030	BN373_43051	ERS227112_00942	ROD_45591	SL1344_3352	SL3261_3352	STMMW_33771	X	SEN3213	t3294	EC958_3647	NCTC13441_00446	CS17_03690	ETEC_3514	BW25113_3255	b3255
rpmB	50S ribosomal subunit protein L28	X	-0.294896165682961	-4.5	-4.5	-4.5	-4.5	-4.5	-4.5	-1.57614854550494	-4.5	-4.5	-4.5	-4.5	-4.5	-4.5	-4.5	X	BN373_46201	ERS227112_00600	ROD_41781	SL1344_3694	SL3261_3694	STMMW_37171	STM_MW37171	SEN3550	t3790	EC958_4045	NCTC13441_00046	CS17_04084	ETEC_3878	BW25113_3637	b3637
	putative prophage repressor	-4.5	-4.5	-4.5	X	X	X	X	X	X	X	X	X	X	-1.61662702419761	X	X	ENC_24360	BN373_33841	ERS227112_05331	X	X	X	X	X	X	X	X	X	X	ETEC_0793	X	X
	is150 putative transposase	X	-4.5	X	X	X	X	X	X	X	X	X	X	X	X	X	X	X	BN373_31971	X	X	X	X	X	X	X	X	X	X	X	X	X	X
rpmC	50S ribosomal subunit protein L29	-4.5	-4.5	-4.5	-4.5	-0.856343297117406	-4.5	X	X	-0.43845829645537	-4.5	-4.5	-4.5	-4.5	-4.5	-4.5	-4.5	ENC_25260	BN373_43481	ERS227112_00875	ROD_45101	SL1344_3399	SL3261_3399	X	X	SEN3260	t4073	EC958_3705	NCTC13441_00383	CS17_03747	ETEC_3564	BW25113_3312	b3312
	Putative excisionase (DUF1233).	-4.5	X	X	X	X	X	X	X	X	X	X	X	X	X	X	X	ENC_27420	X	X	X	X	X	X	X	X	X	X	X	X	X	X	X
cI	bacteriophage repressor protein cI	X	X	X	X	-0.93077204602954	-4.5	X	X	X	-4.5	X	X	X	X	X	X	X	X	X	X	SL1344_2708	SL3261_2708	X	X	X	t4337	X	X	X	X	X	X
rpmH	50S ribosomal subunit protein L34	X	-4.5	-4.5	-4.5	-4.5	-4.5	-4.5	-4.5	-0.813537764327377	-4.5	-4.5	-4.5	-1.02175603569066	-0.549852210114521	-4.5	-4.5	X	BN373_47501	ERS227112_00468C	ROD_40243	SL1344_3806	SL3261_3806	STMMW_38241	STM_MW38241	SEN3656	t3680	EC958_4177	NCTC13441_04813	CS17_04154	ETEC_3993	BW25113_3703	b3703
		X	X	-4.5	X	X	X	X	X	X	X	X	X	X	X	X	X	X	X	ERS227112_05427	X	X	X	X	X	X	X	X	X	X	X	X	X
	conserved hypothetical protein	X	-4.5	-4.5	X	X	X	X	X	X	X	X	X	X	X	X	X	X	BN373_13671	ERS227112_03238A	X	X	X	X	X	X	X	X	X	X	X	X	X
	putative regulator protein	X	-4.5	-4.5	X	X	X	X	X	X	X	X	X	X	X	X	X	X	BN373_10361	ERS227112_02892	X	X	X	X	X	X	X	X	X	X	X	X	X
		X	X	-0.574165103701021	X	X	X	X	X	X	X	X	X	X	X	X	X	X	X	ERS227112_00105	X	X	X	X	X	X	X	X	X	X	X	X	X
repB	Initiator Replication protein.	0	X	-0.324657806720628	X	X	X	X	X	X	X	X	X	X	X	X	X	ENC_35670	X	ERS227112_00238	X	X	X	X	X	X	X	X	X	X	X	X	X
	Predicted transcriptional regulator	-4.5	X	-4.5	X	X	X	X	X	X	X	X	X	X	X	X	X	ENC_17410	X	ERS227112_02848	X	X	X	X	X	X	X	X	X	X	X	X	X
	hypothetical competence protein	X	X	X	X	-2.15270506932406	-4.5	X	X	X	X	X	X	X	X	X	X	X	X	X	X	SL1344_2695	SL3261_2695	X	X	X	X	X	X	X	X	X	X
	conserved hypothetical protein	X	X	X	X	-4.5	-4.5	-4.5	-4.5	X	X	X	X	X	X	X	X	X	X	X	X	SL1344_4354A	SL3261_4354A	STMMW_43661	STM_MW43661	X	X	X	X	X	X	X	X
bspRIM	Modification methylase BspRI,DNA cytosine methylase,DNA (cytosine-5-)-methyltransferase,C-5 cytosine-specific DNA methylase	X	X	X	X	X	X	X	X	X	X	-4.5	-4.5	X	X	X	X	X	X	X	X	X	X	X	X	X	X	EC958_0009	NCTC13441_04115	X	X	X	X
rfbE	Polysaccharide biosynthesis protein	X	X	X	X	X	X	X	X	X	X	-1.18009843025612	-1.1372366246364	X	X	X	X	X	X	X	X	X	X	X	X	X	X	EC958_2377	NCTC13441_01676	X	X	X	X
	hypothetical protein	X	X	X	X	X	X	X	X	X	X	-0.0876903947809637	-0.0118927713603992	X	X	X	X	X	X	X	X	X	X	X	X	X	X	EC958_5038	NCTC13441_00948	X	X	X	X
	Transglycosylase SLT domain	X	X	X	X	X	X	X	X	X	X	-1.11947289235791	-0.758944666361182	X	X	X	X	X	X	X	X	X	X	X	X	X	X	EC958_3100	NCTC13441_00942	X	X	X	X
	hypothetical protein	X	X	X	X	X	X	X	X	X	X	-1.72071562120688	-4.5	X	X	X	X	X	X	X	X	X	X	X	X	X	X	EC958_4845	NCTC13441_03735	X	X	X	X
	hypothetical protein	X	X	X	X	X	X	X	X	X	X	-4.5	0	X	X	X	X	X	X	X	X	X	X	X	X	X	X	EC958_3107	NCTC13441_00934	X	X	X	X
ymfK	hypothetical protein	X	X	X	X	X	X	X	X	X	X	-4.5	-4.5	X	X	X	X	X	X	X	X	X	X	X	X	X	X	EC958_4965	NCTC13441_01801	X	X	X	X
	hypothetical protein	X	X	X	X	X	X	X	X	X	X	-4.5	-0.21075564243072	X	X	X	X	X	X	X	X	X	X	X	X	X	X	EC958_4844	NCTC13441_03736	X	X	X	X
immR	HTH-type transcriptional regulator immR,transcriptional repressor DicA,Predicted transcriptional regulator,transcriptional regulator, y4mF family,Helix-turn-helix	X	X	X	X	X	X	X	X	X	X	-1.02683774243117	-4.5	X	X	X	X	X	X	X	X	X	X	X	X	X	X	EC958_1102	NCTC13441_02998	X	X	X	X
yqcG	hypothetical protein	X	X	X	X	X	X	X	X	X	X	-4.5	-4.5	X	X	X	X	X	X	X	X	X	X	X	X	X	X	EC958_5030	NCTC13441_00997	X	X	X	X
	Type I restriction-modification system methyltransferase subunit,type II restriction m6 adenine DNA methyltransferase, Alw26I/Eco31I/Esp3I family,N-6 DNA Methylase	X	X	X	X	X	X	X	X	X	X	-3.13273465573765	-2.60071250321564	X	X	X	X	X	X	X	X	X	X	X	X	X	X	EC958_0008	NCTC13441_04116	X	X	X	X
racR	Rac prophage; putative DNA-binding transcriptional regulator	X	X	X	X	X	X	X	X	X	X	X	X	X	X	-4.5	-4.5	X	X	X	X	X	X	X	X	X	X	X	X	X	X	BW25113_1356	b1356
cohE	e14 prophage; repressor protein phage e14	X	X	X	X	X	X	X	X	X	X	X	X	X	-4.5	-4.5	-4.5	X	X	X	X	X	X	X	X	X	X	X	X	X	ETEC_4682	BW25113_1145	b1145
	conserved hypothetical protein	X	X	X	X	X	X	X	X	X	X	X	X	-2.33063592771961	-0.308852398716286	X	X	X	X	X	X	X	X	X	X	X	X	X	X	CS17_00022	ETEC_0022	X	X
	putative prophage repressor	X	X	X	X	X	X	X	X	X	X	X	X	-1.6155969880422	-4.5	X	X	X	X	X	X	X	X	X	X	X	X	X	X	CS17_01273	ETEC_1197	X	X
cI	putative phage repressor protein	X	X	X	X	X	X	X	X	X	X	-1.50538815145575	-4.5	X	-1.99228278271429	X	X	X	X	X	X	X	X	X	X	X	X	EC958_4914	NCTC13441_02569	X	ETEC_4315	X	X
	hypothetical protein	X	X	X	X	X	X	X	X	X	X	X	-4.5	-4.5	X	X	X	X	X	X	X	X	X	X	X	X	X	X	NCTC13441_03802	CS17_00184	X	X	X
cI	putative cI regulatory protein	X	X	X	-0.634604587922463	-4.5	-4.5	-0.355856914232682	-4.5	-0.956165320238925	X	-0.939934766416338	-4.5	-0.716842010975401	-1.9949153080881	X	X	X	X	X	ROD_26211	SL1344_1967	SL3261_1967	STMMW_20241	STM_MW20241	SEN1955	X	EC958_1344	NCTC13441_02766	CS17_00789	ETEC_0274	X	X
yahA_4	putative signal transduction protein,Cyclic di-GMP phosphodiesterase yahA,phage resistance protein,Predicted signal transduction protein containing sensor and EAL domains,EAL domain	X	X	X	X	X	X	X	X	X	X	X	X	-1.51945709841164	X	X	X	X	X	X	X	X	X	X	X	X	X	X	X	CS17_03919	X	X	X
	T3SS effector-like protein EspL,ShET2 enterotoxin, N-terminal region	X	X	X	X	X	X	X	X	X	X	X	X	-1.11559401922902	X	X	X	X	X	X	X	X	X	X	X	X	X	X	X	CS17_04482	X	X	X
	hypothetical protein	X	X	X	X	X	X	X	X	X	X	X	X	-4.5	X	X	X	X	X	X	X	X	X	X	X	X	X	X	X	CS17_02932	X	X	X
	hypothetical protein	X	X	X	X	X	X	X	X	X	X	X	X	-0.661691483859213	X	X	X	X	X	X	X	X	X	X	X	X	X	X	X	CS17_02577	X	X	X
	hypothetical protein	-4.5	X	X	X	X	X	X	X	X	X	X	X	X	X	X	X	ENC_85added	X	X	X	X	X	X	X	X	X	X	X	X	X	X	X
		X	X	X	X	X	X	X	-4.5	X	X	X	X	X	X	X	X	X	X	X	X	X	X	X	STM_MW43911	X	X	X	X	X	X	X	X
	hypothetical protein	-4.5	X	X	X	X	X	X	X	X	X	X	X	X	X	X	X	ENC_07470	X	X	X	X	X	X	X	X	X	X	X	X	X	X	X
	hypothetical protein	-4.5	X	X	X	X	X	X	X	X	X	X	X	X	X	X	X	ENC_463added	X	X	X	X	X	X	X	X	X	X	X	X	X	X	X
	putative phage protein	X	X	X	X	X	X	X	X	X	X	X	X	X	-4.5	X	X	X	X	X	X	X	X	X	X	X	X	X	X	X	ETEC_2760	X	X
bglH_1	carbohydrate-specific outer membrane porin,Cryptic outer membrane porin BglH precursor,maltoporin,Maltoporin (phage lambda and maltose receptor),LamB porin	X	X	X	X	X	X	X	X	X	X	X	X	-0.544238142360566	X	X	X	X	X	X	X	X	X	X	X	X	X	X	X	CS17_01699	X	X	X
	hypothetical protein	X	X	X	X	X	X	X	X	X	X	X	X	X	-0.666799886632483	X	X	X	X	X	X	X	X	X	X	X	X	X	X	X	ETEC_0418	X	X
	hypothetical protein	X	X	X	X	X	X	X	X	X	X	X	X	-0.0672911941193011	X	X	X	X	X	X	X	X	X	X	X	X	X	X	X	CS17_00110	X	X	X
yqiG		X	X	X	X	X	X	X	X	X	X	X	X	X	X	-4.5	X	X	X	X	X	X	X	X	X	X	X	X	X	X	X	BW25113_3046	X
	hypothetical protein	X	X	X	X	X	X	X	X	X	X	X	X	-4.5	X	X	X	X	X	X	X	X	X	X	X	X	X	X	X	CS17_02219	X	X	X
hisL	his operon leader peptide	X	X	X	X	X	X	X	X	X	X	X	X	X	X	-4.5	X	X	X	X	X	X	X	X	X	X	X	X	X	X	X	BW25113_2018	X
parE	DNA topoisomerase 4 subunit B	-4.5	X	X	X	X	X	X	X	X	X	X	X	X	X	X	X	ENC_396added	X	X	X	X	X	X	X	X	X	X	X	X	X	X	X
	hypothetical protein	-4.5	X	X	X	X	X	X	X	X	X	X	X	X	X	X	X	ENC_41310	X	X	X	X	X	X	X	X	X	X	X	X	X	X	X
	hypothetical protein	X	X	X	X	X	X	X	X	X	X	X	X	-4.5	X	X	X	X	X	X	X	X	X	X	X	X	X	X	X	CS17_02573	X	X	X
	hypothetical protein	X	X	X	X	X	X	X	X	X	X	-1.29525660682683	X	X	X	X	X	X	X	X	X	X	X	X	X	X	X	EC958_3339	X	X	X	X	X
	hypothetical protein	X	X	X	X	X	X	X	X	X	X	X	X	X	-0.467143303079477	X	X	X	X	X	X	X	X	X	X	X	X	X	X	X	ETEC_14added	X	X
igaA	Intracellular growth attenuator protein igaA	-1.92978715629842	X	X	X	X	X	X	X	X	X	X	X	X	X	X	X	ENC_314added	X	X	X	X	X	X	X	X	X	X	X	X	X	X	X
oadG1	oxaloacetate decarboxylase gamma chain 1	X	X	X	X	X	X	X	-4.5	X	X	X	X	X	X	X	X	X	X	X	X	X	X	X	STM_MW00571	X	X	X	X	X	X	X	X
	colanic acid exporter	-1.3138966949859	X	X	X	X	X	X	X	X	X	X	X	X	X	X	X	ENC_504added	X	X	X	X	X	X	X	X	X	X	X	X	X	X	X
	hypothetical protein	-4.5	X	X	X	X	X	X	X	X	X	X	X	X	X	X	X	ENC_275added	X	X	X	X	X	X	X	X	X	X	X	X	X	X	X
	hypothetical protein	X	X	X	X	X	X	X	X	X	X	X	X	-0.956462556082805	X	X	X	X	X	X	X	X	X	X	X	X	X	X	X	CS17_04535	X	X	X
	Tyrosyl-tRNA synthetase	-4.5	X	X	X	X	X	X	X	X	X	X	X	X	X	X	X	ENC_13070	X	X	X	X	X	X	X	X	X	X	X	X	X	X	X
	capsular polysaccharide	X	X	X	X	X	X	X	X	X	X	X	X	X	-1.90822662783216	X	X	X	X	X	X	X	X	X	X	X	X	X	X	X	ETEC_2176	X	X
	type III secretion protein EprJ	X	X	X	X	X	X	X	X	X	X	X	X	-4.5	X	X	X	X	X	X	X	X	X	X	X	X	X	X	X	CS17_03199	X	X	X
	hypothetical protein	X	X	X	X	X	X	X	X	X	X	X	X	X	-4.5	X	X	X	X	X	X	X	X	X	X	X	X	X	X	X	ETEC_1965	X	X
	hypothetical protein	-4.5	X	X	X	X	X	X	X	X	X	X	X	X	X	X	X	ENC_27870	X	X	X	X	X	X	X	X	X	X	X	X	X	X	X
ibsE	toxic membrane protein	X	X	X	X	X	X	X	X	X	X	X	X	X	X	-4.5	X	X	X	X	X	X	X	X	X	X	X	X	X	X	X	BW25113_4666	X
papD_2	putative fimbrial chaperone,Chaperone protein papD precursor,fimbrial chaperone protein StdC,Gram-negative pili assembly chaperone, C-terminal domain	X	X	X	X	X	X	X	X	X	X	X	X	-0.943798875381886	X	X	X	X	X	X	X	X	X	X	X	X	X	X	X	CS17_03475	X	X	X
soj_1		X	X	-0.469691324374139	X	X	X	X	X	X	X	X	X	X	X	X	X	X	X	ERS227112_00239	X	X	X	X	X	X	X	X	X	X	X	X	X
	hypothetical protein	-0.486911154954333	X	X	X	X	X	X	X	X	X	X	X	X	X	X	X	ENC_424added	X	X	X	X	X	X	X	X	X	X	X	X	X	X	X
trpL	trp operon leader peptide	X	X	X	X	X	X	X	X	X	X	X	X	X	X	-4.5	X	X	X	X	X	X	X	X	X	X	X	X	X	X	X	BW25113_1265	X
	hypothetical protein	X	X	X	X	X	X	X	X	X	X	X	X	-4.5	X	X	X	X	X	X	X	X	X	X	X	X	X	X	X	CS17_04343	X	X	X
	hypothetical protein	-4.5	X	X	X	X	X	X	X	X	X	X	X	X	X	X	X	ENC_27690	X	X	X	X	X	X	X	X	X	X	X	X	X	X	X
	putative type III effector protein,hypothetical protein	X	X	X	X	X	X	X	X	X	X	X	X	-0.711075354912461	X	X	X	X	X	X	X	X	X	X	X	X	X	X	X	CS17_04517	X	X	X
aspS	Aspartate--tRNA ligase	-4.5	X	X	X	X	X	X	X	X	X	X	X	X	X	X	X	ENC_52added	X	X	X	X	X	X	X	X	X	X	X	X	X	X	X
	hypothetical protein	X	X	X	X	X	X	X	X	X	X	X	X	-1.19508566424177	X	X	X	X	X	X	X	X	X	X	X	X	X	X	X	CS17_02966	X	X	X
	hypothetical protein	-4.5	X	X	X	X	X	X	X	X	X	X	X	X	X	X	X	ENC_27590	X	X	X	X	X	X	X	X	X	X	X	X	X	X	X
	hypothetical protein	-4.5	X	X	X	X	X	X	X	X	X	X	X	X	X	X	X	ENC_328added	X	X	X	X	X	X	X	X	X	X	X	X	X	X	X
gpC	immunity repressor,Helix-turn-helix	X	X	X	X	X	X	X	X	X	X	X	X	-0.355182403708516	X	X	X	X	X	X	X	X	X	X	X	X	X	X	X	CS17_02937	X	X	X
	conserved hypothetical protein	X	-4.5	X	X	X	X	X	X	X	X	X	X	X	X	X	X	X	BN373_37261	X	X	X	X	X	X	X	X	X	X	X	X	X	X
	putative histidine kinase-like protein	X	X	X	X	X	X	X	X	X	X	X	X	-1.29656788850881	X	X	X	X	X	X	X	X	X	X	X	X	X	X	X	CS17_02972	X	X	X
	hypothetical protein	X	X	X	X	X	X	X	X	X	X	-0.132148114616164	X	X	X	X	X	X	X	X	X	X	X	X	X	X	X	EC958_0848	X	X	X	X	X
	hypothetical prophage protein	X	X	X	-4.5	X	X	X	X	X	X	X	X	X	X	X	X	X	X	X	ROD_26220	X	X	X	X	X	X	X	X	X	X	X	X
	conserved hypothetical protein	X	-4.5	X	X	X	X	X	X	X	X	X	X	X	X	X	X	X	BN373_28501	X	X	X	X	X	X	X	X	X	X	X	X	X	X
	hypothetical prophage protein (pseudogene)	X	X	X	-4.5	X	X	X	X	X	X	X	X	X	X	X	X	X	X	X	ROD_02721	X	X	X	X	X	X	X	X	X	X	X	X
	hypothetical protein	X	X	X	0	X	X	X	X	X	X	X	X	X	X	X	X	X	X	X	ROD_48091	X	X	X	X	X	X	X	X	X	X	X	X
		X	X	X	X	X	X	X	-4.5	X	X	X	X	X	X	X	X	X	X	X	X	X	X	X	STM_MW11231	X	X	X	X	X	X	X	X
	Predicted hydrolase of alkaline phosphatase superfamily	-0.595924900094912	X	X	X	X	X	X	X	X	X	X	X	X	X	X	X	ENC_39800	X	X	X	X	X	X	X	X	X	X	X	X	X	X	X
lpfB_2	fimbrial chaperone protein,Chaperone protein focC precursor,fimbrial chaperone protein,Gram-negative pili assembly chaperone, N-terminal domain	X	X	X	X	X	X	X	X	X	X	X	X	-0.25298105434245	X	X	X	X	X	X	X	X	X	X	X	X	X	X	X	CS17_04182	X	X	X
	hypothetical protein	-4.5	X	X	X	X	X	X	X	X	X	X	X	X	X	X	X	ENC_182added	X	X	X	X	X	X	X	X	X	X	X	X	X	X	X
	putative phage integrase/recombinase	X	X	X	X	X	X	X	X	X	X	X	X	X	-0.628479148406042	X	X	X	X	X	X	X	X	X	X	X	X	X	X	X	ETEC_2841	X	X
	hypothetical protein	X	X	X	X	X	X	X	X	X	X	X	X	-0.0986334059556976	X	X	X	X	X	X	X	X	X	X	X	X	X	X	X	CS17_03922	X	X	X
	response regulator protein	X	X	X	X	X	X	X	X	X	X	X	X	-4.5	X	X	X	X	X	X	X	X	X	X	X	X	X	X	X	CS17_03195	X	X	X
ibsD	toxic membrane protein	X	X	X	X	X	X	X	X	X	X	X	X	X	X	-4.5	X	X	X	X	X	X	X	X	X	X	X	X	X	X	X	BW25113_4664	X
htrE_1	usher protein,Heat shock protein E,fimbrial outer membrane usher protein,Fimbrial Usher protein	X	X	X	X	X	X	X	X	X	X	X	X	-1.01611128624535	X	X	X	X	X	X	X	X	X	X	X	X	X	X	X	CS17_00021	X	X	X
	hypothetical protein	X	X	X	X	X	X	X	X	X	X	X	X	-1.28575642005001	X	X	X	X	X	X	X	X	X	X	X	X	X	X	X	CS17_02489	X	X	X
spaN	EivJ,Spa32 protein,antigen presentation protein SpaN,Surface presentation of antigens protein	X	X	X	X	X	X	X	X	X	X	X	X	-0.228394160418733	X	X	X	X	X	X	X	X	X	X	X	X	X	X	X	CS17_03211	X	X	X
	conserved hypothetical protein	X	X	X	X	X	X	X	X	X	X	X	X	X	-4.5	X	X	X	X	X	X	X	X	X	X	X	X	X	X	X	ETEC_1541	X	X
ail_5	Attachment invasion locus protein precursor	X	X	X	X	X	X	X	-4.5	X	X	X	X	X	X	X	X	X	X	X	X	X	X	X	STM_2added	X	X	X	X	X	X	X	X
rpsD	30S ribosomal subunit protein S4	X	X	X	X	X	X	X	X	X	X	-1.30144654428246	X	X	X	X	X	X	X	X	X	X	X	X	X	X	X	EC958_3690	X	X	X	X	X
	hypothetical protein	X	X	X	X	X	X	X	X	X	-4.5	X	X	X	X	X	X	X	X	X	X	X	X	X	X	X	t3415	X	X	X	X	X	X
	hypothetical secreted protein	X	X	X	X	X	X	X	X	X	-0.322636952451348	X	X	X	X	X	X	X	X	X	X	X	X	X	X	X	t4531	X	X	X	X	X	X
	HNH endonuclease.	-4.5	X	X	X	X	X	X	X	X	X	X	X	X	X	X	X	ENC_27660	X	X	X	X	X	X	X	X	X	X	X	X	X	X	X
	hypothetical protein	X	-4.5	X	X	X	X	X	X	X	X	X	X	X	X	X	X	X	BN373_25781	X	X	X	X	X	X	X	X	X	X	X	X	X	X
	hypothetical protein	-4.5	X	X	X	X	X	X	X	X	X	X	X	X	X	X	X	ENC_27790	X	X	X	X	X	X	X	X	X	X	X	X	X	X	X
	Outer membrane lipoprotein-sorting protein	-4.5	X	X	X	X	X	X	X	X	X	X	X	X	X	X	X	ENC_17910	X	X	X	X	X	X	X	X	X	X	X	X	X	X	X
cI	putative phage repressor protein	X	X	X	-1.38689870065951	X	X	X	X	X	X	X	X	X	X	X	X	X	X	X	ROD_46901	X	X	X	X	X	X	X	X	X	X	X	X
	hypothetical protein	X	X	X	X	X	X	X	X	X	X	-4.5	X	X	X	X	X	X	X	X	X	X	X	X	X	X	X	EC958_3010	X	X	X	X	X
	putative modification methylase	X	X	X	X	X	X	X	X	X	X	X	X	X	-2.8202101715635	X	X	X	X	X	X	X	X	X	X	X	X	X	X	X	ETEC_4479	X	X
	AP2 domain.	-4.5	X	X	X	X	X	X	X	X	X	X	X	X	X	X	X	ENC_27440	X	X	X	X	X	X	X	X	X	X	X	X	X	X	X
		X	X	-0.0299330097311336	X	X	X	X	X	X	X	X	X	X	X	X	X	X	X	ERS227112_05433	X	X	X	X	X	X	X	X	X	X	X	X	X
	hypothetical protein	X	X	X	-4.5	X	X	X	X	X	X	X	X	X	X	X	X	X	X	X	ROD_40811	X	X	X	X	X	X	X	X	X	X	X	X
dnaX	DNA polymerase III subunit tau	-1.18102363166727	X	X	X	X	X	X	X	X	X	X	X	X	X	X	X	ENC_274added	X	X	X	X	X	X	X	X	X	X	X	X	X	X	X
	conserved hypothetical protein	X	X	X	X	X	X	-0.592867017526527	X	X	X	X	X	X	X	X	X	X	X	X	X	X	X	STMMW_32461	X	X	X	X	X	X	X	X	X
vapB		X	X	-4.5	X	X	X	X	X	X	X	X	X	X	X	X	X	X	X	ERS227112_05728	X	X	X	X	X	X	X	X	X	X	X	X	X
	threonine dehydratase operon activator protein	X	X	X	X	X	X	X	X	X	X	-4.5	X	X	X	X	X	X	X	X	X	X	X	X	X	X	X	EC958_3522	X	X	X	X	X
	conserved hypothetical protein	X	X	X	X	X	X	X	X	X	X	X	X	X	-0.0117528768675177	X	X	X	X	X	X	X	X	X	X	X	X	X	X	X	ETEC_2843	X	X
ttcC		X	X	X	X	X	X	X	X	X	X	X	X	X	X	-4.5	X	X	X	X	X	X	X	X	X	X	X	X	X	X	X	BW25113_4638	X
	hypothetical protein	X	X	X	X	X	X	X	X	X	X	X	X	-1.42465052035317	X	X	X	X	X	X	X	X	X	X	X	X	X	X	X	CS17_01610	X	X	X
	hypothetical protein	X	-4.5	X	X	X	X	X	X	X	X	X	X	X	X	X	X	X	BN373_41831	X	X	X	X	X	X	X	X	X	X	X	X	X	X
	RyhB	X	X	-4.5	X	X	X	X	X	X	X	X	X	X	X	X	X	X	X	ERS227112_05481	X	X	X	X	X	X	X	X	X	X	X	X	X
	putative tyrosine recombinase	X	X	X	X	X	X	X	X	X	X	X	X	X	-0.224603050379016	X	X	X	X	X	X	X	X	X	X	X	X	X	X	X	ETEC_2840	X	X
	hypothetical protein	X	X	X	X	X	X	X	X	X	X	-0.162679114597898	X	X	X	X	X	X	X	X	X	X	X	X	X	X	X	EC958_3341	X	X	X	X	X
pheM	phenylalanyl-tRNA synthetase operon leader peptide	X	X	X	X	X	X	X	X	X	-4.5	X	X	X	X	X	X	X	X	X	X	X	X	X	X	X	t1217	X	X	X	X	X	X
hisL	histidine operon leader peptide	X	-4.5	X	X	X	X	X	X	X	X	X	X	X	X	X	X	X	BN373_30771	X	X	X	X	X	X	X	X	X	X	X	X	X	X
	hypothetical protein	X	X	X	-0.593944259804407	X	X	X	X	X	X	X	X	X	X	X	X	X	X	X	ROD_29401	X	X	X	X	X	X	X	X	X	X	X	X
		X	X	-4.5	X	X	X	X	X	X	X	X	X	X	X	X	X	X	X	ERS227112_01213	X	X	X	X	X	X	X	X	X	X	X	X	X
		X	X	-4.5	X	X	X	X	X	X	X	X	X	X	X	X	X	X	X	ERS227112_02354	X	X	X	X	X	X	X	X	X	X	X	X	X
	Uncharacterized protein conserved in bacteria (DUF2057).	-1.24506265060774	X	X	X	X	X	X	X	X	X	X	X	X	X	X	X	ENC_14610	X	X	X	X	X	X	X	X	X	X	X	X	X	X	X
	putative membrane protein	X	X	X	-0.0269965670380686	X	X	X	X	X	X	X	X	X	X	X	X	X	X	X	ROD_28971	X	X	X	X	X	X	X	X	X	X	X	X
	Protein of unknown function (DUF2566)	X	X	X	X	X	X	X	X	X	X	X	X	-1.1757817671374	X	X	X	X	X	X	X	X	X	X	X	X	X	X	X	CS17_03219	X	X	X
	hypothetical protein	-4.5	X	X	X	X	X	X	X	X	X	X	X	X	X	X	X	ENC_180added	X	X	X	X	X	X	X	X	X	X	X	X	X	X	X
	hypothetical protein	-4.5	X	X	X	X	X	X	X	X	X	X	X	X	X	X	X	ENC_51added	X	X	X	X	X	X	X	X	X	X	X	X	X	X	X
		X	X	-4.5	X	X	X	X	X	X	X	X	X	X	X	X	X	X	X	ERS227112_00277	X	X	X	X	X	X	X	X	X	X	X	X	X
	hypothetical protein	X	X	X	X	X	X	X	X	X	X	-1.95448827111826	X	X	X	X	X	X	X	X	X	X	X	X	X	X	X	EC958_5205	X	X	X	X	X
ispE	4-diphosphocytidyl-2-C-methyl-D-erythritol kinase	-4.5	X	X	X	X	X	X	X	X	X	X	X	X	X	X	X	ENC_69added	X	X	X	X	X	X	X	X	X	X	X	X	X	X	X
	putative phage protein	X	X	X	X	X	X	X	X	X	X	X	X	X	-0.249750175071818	X	X	X	X	X	X	X	X	X	X	X	X	X	X	X	ETEC_1219	X	X
	hypothetical protein	X	X	X	X	X	X	X	X	X	X	X	X	-4.5	X	X	X	X	X	X	X	X	X	X	X	X	X	X	X	CS17_02965	X	X	X
	conserved hypothetical protein	X	X	X	-0.369871585955023	X	X	X	X	X	X	X	X	X	X	X	X	X	X	X	ROD_27531	X	X	X	X	X	X	X	X	X	X	X	X
chbR_1	chb operon repressor,Chb operon repressor,DNA-binding transcriptional regulator ChbR,Adenosine deaminase,4-hydroxyphenylacetate catabolism regulatory protein HpaA,Helix-turn-helix domain	X	X	X	X	X	X	X	X	X	X	X	X	-0.888250883494526	X	X	X	X	X	X	X	X	X	X	X	X	X	X	X	CS17_01919	X	X	X
pcrA	UvrD/REP helicase,ATP-dependent DNA helicase pcrA,DNA-dependent helicase II,ATP-dependent DNA helicase PcrA,UvrD/REP helicase	X	X	X	X	X	X	X	X	X	X	X	X	-2.03622449733189	X	X	X	X	X	X	X	X	X	X	X	X	X	X	X	CS17_00313	X	X	X
		X	X	X	X	X	X	X	-4.5	X	X	X	X	X	X	X	X	X	X	X	X	X	X	X	STM_MW32461	X	X	X	X	X	X	X	X
	pentapeptide repeat-containing protein	X	X	X	X	X	X	X	X	X	X	X	X	-4.5	X	X	X	X	X	X	X	X	X	X	X	X	X	X	X	CS17_04548	X	X	X
fbaA_2	Fructose-bisphosphate aldolase class 2	-4.5	X	X	X	X	X	X	X	X	X	X	X	X	X	X	X	ENC_380added	X	X	X	X	X	X	X	X	X	X	X	X	X	X	X
	hypothetical protein	X	X	X	X	X	X	X	X	X	X	-0.310752004231782	X	X	X	X	X	X	X	X	X	X	X	X	X	X	X	EC958_3108	X	X	X	X	X
		X	X	X	X	X	X	X	-4.5	X	X	X	X	X	X	X	X	X	X	X	X	X	X	X	STM_MW18531	X	X	X	X	X	X	X	X
	predicted phage protein	X	X	X	X	X	X	X	X	0	X	X	X	X	X	X	X	X	X	X	X	X	X	X	X	SEN1383	X	X	X	X	X	X	X
	conserved hypothetical protein	X	X	X	X	X	X	X	X	X	X	X	X	X	-0.220018395555639	X	X	X	X	X	X	X	X	X	X	X	X	X	X	X	ETEC_2848	X	X
		X	X	-0.816937086527009	X	X	X	X	X	X	X	X	X	X	X	X	X	X	X	ERS227112_00090	X	X	X	X	X	X	X	X	X	X	X	X	X
	hypothetical protein	X	X	X	-0.997175471497482	X	X	X	X	X	X	X	X	X	X	X	X	X	X	X	ROD_20771	X	X	X	X	X	X	X	X	X	X	X	X
prfA	Peptide chain release factor 1	-4.5	X	X	X	X	X	X	X	X	X	X	X	X	X	X	X	ENC_71added	X	X	X	X	X	X	X	X	X	X	X	X	X	X	X
	hypothetical protein	X	X	X	X	X	X	X	X	X	X	-4.5	X	X	X	X	X	X	X	X	X	X	X	X	X	X	X	EC958_5188	X	X	X	X	X
	ankyrin	X	X	X	X	X	X	X	X	X	X	X	X	-1.05156879539834	X	X	X	X	X	X	X	X	X	X	X	X	X	X	X	CS17_01904	X	X	X
	hypothetical protein	-1.90425248031807	X	X	X	X	X	X	X	X	X	X	X	X	X	X	X	ENC_84added	X	X	X	X	X	X	X	X	X	X	X	X	X	X	X
yahA_3	putative signal transduction protein,Cyclic di-GMP phosphodiesterase yahA,transcriptional regulator RcsB,Bacterial regulatory proteins, luxR family	X	X	X	X	X	X	X	X	X	X	X	X	-0.252474795979666	X	X	X	X	X	X	X	X	X	X	X	X	X	X	X	CS17_03918	X	X	X
	hypothetical protein	-4.5	X	X	X	X	X	X	X	X	X	X	X	X	X	X	X	ENC_27740	X	X	X	X	X	X	X	X	X	X	X	X	X	X	X
eivJ	type III secretion protein	X	X	X	X	X	X	X	X	X	X	X	X	-4.5	X	X	X	X	X	X	X	X	X	X	X	X	X	X	X	CS17_03213	X	X	X
	Predicted transcriptional regulator	-4.5	X	X	X	X	X	X	X	X	X	X	X	X	X	X	X	ENC_27520	X	X	X	X	X	X	X	X	X	X	X	X	X	X	X
		X	X	X	X	X	X	X	-4.5	X	X	X	X	X	X	X	X	X	X	X	X	X	X	X	STM_MW33771	X	X	X	X	X	X	X	X
	hypothetical protein	-4.5	X	X	X	X	X	X	X	X	X	X	X	X	X	X	X	ENC_04100	X	X	X	X	X	X	X	X	X	X	X	X	X	X	X
	hypothetical protein	-4.5	X	X	X	X	X	X	X	X	X	X	X	X	X	X	X	ENC_70added	X	X	X	X	X	X	X	X	X	X	X	X	X	X	X
		X	X	-0.354826171085497	X	X	X	X	X	X	X	X	X	X	X	X	X	X	X	ERS227112_00252	X	X	X	X	X	X	X	X	X	X	X	X	X
	hypothetical protein	-4.5	X	X	X	X	X	X	X	X	X	X	X	X	X	X	X	ENC_397added	X	X	X	X	X	X	X	X	X	X	X	X	X	X	X
	usher protein,fimbrial outer membrane usher protein,Fimbrial Usher protein	X	X	X	X	X	X	X	X	X	X	X	X	-4.5	X	X	X	X	X	X	X	X	X	X	X	X	X	X	X	CS17_00020	X	X	X
	hypothetical protein	X	X	X	X	X	X	X	X	X	X	X	X	-4.5	X	X	X	X	X	X	X	X	X	X	X	X	X	X	X	CS17_02112	X	X	X
	type III secretion system protein	X	X	X	X	X	X	X	X	X	X	X	X	-0.47054196084355	X	X	X	X	X	X	X	X	X	X	X	X	X	X	X	CS17_03212	X	X	X
	Transcriptional regulators	-4.5	X	X	X	X	X	X	X	X	X	X	X	X	X	X	X	ENC_14590	X	X	X	X	X	X	X	X	X	X	X	X	X	X	X
	putative transmembrane protein	X	X	X	X	X	X	X	X	X	X	X	X	X	-0.350932530502197	X	X	X	X	X	X	X	X	X	X	X	X	X	X	X	ETEC_2838	X	X
	hypothetical protein	-4.5	X	X	X	X	X	X	X	X	X	X	X	X	X	X	X	ENC_398added	X	X	X	X	X	X	X	X	X	X	X	X	X	X	X
cI	putative phage repressor protein	X	X	X	-0.670908806258472	X	X	X	X	X	X	X	X	X	X	X	X	X	X	X	ROD_02941	X	X	X	X	X	X	X	X	X	X	X	X
	hypothetical protein	X	X	X	X	X	X	X	X	X	X	-0.201397737138231	X	X	X	X	X	X	X	X	X	X	X	X	X	X	X	EC958_5165	X	X	X	X	X
	conserved hypothetical protein	X	X	X	X	X	X	X	X	X	X	X	X	X	-1.14844548195977	X	X	X	X	X	X	X	X	X	X	X	X	X	X	X	ETEC_2184	X	X
invA	type III secretion system protein InvA,Invasion protein invA,type III secretion system protein InvA,Type III secretory pathway, component EscV,type III secretion protein, HrcV family,FHIPEP family	X	X	X	X	X	X	X	X	X	X	X	X	-0.644691633374145	X	X	X	X	X	X	X	X	X	X	X	X	X	X	X	CS17_03217	X	X	X
	Actin-like ATPase involved in cell morphogenesis	-1.31997985991808	X	X	X	X	X	X	X	X	X	X	X	X	X	X	X	ENC_34970	X	X	X	X	X	X	X	X	X	X	X	X	X	X	X
	hypothetical protein	X	X	X	X	X	X	X	X	X	X	X	X	-4.5	X	X	X	X	X	X	X	X	X	X	X	X	X	X	X	CS17_02933	X	X	X
	conserved hypothetical protein	X	X	X	X	X	X	X	X	X	X	X	X	X	-0.0108778531438147	X	X	X	X	X	X	X	X	X	X	X	X	X	X	X	ETEC_2305	X	X
	conserved hypothetical protein	X	X	X	X	X	X	X	X	X	X	X	X	X	-4.5	X	X	X	X	X	X	X	X	X	X	X	X	X	X	X	ETEC_2180	X	X
eprI	Type III secretion EprI protein,hypothetical protein,type III secretion system needle complex protein PrgI,type III secretion apparatus needle protein	X	X	X	X	X	X	X	X	X	X	X	X	-4.5	X	X	X	X	X	X	X	X	X	X	X	X	X	X	X	CS17_03200	X	X	X
	hypothetical protein	-4.5	X	X	X	X	X	X	X	X	X	X	X	X	X	X	X	ENC_27810	X	X	X	X	X	X	X	X	X	X	X	X	X	X	X
	hypothetical protein	-1.84605652981486	X	X	X	X	X	X	X	X	X	X	X	X	X	X	X	ENC_381added	X	X	X	X	X	X	X	X	X	X	X	X	X	X	X
		X	X	-4.5	X	X	X	X	X	X	X	X	X	X	X	X	X	X	X	ERS227112_05336	X	X	X	X	X	X	X	X	X	X	X	X	X
	hypothetical protein	X	X	X	X	X	X	X	X	X	-4.5	X	X	X	X	X	X	X	X	X	X	X	X	X	X	X	t3166	X	X	X	X	X	X
	hypothetical protein	X	X	X	X	X	X	X	X	X	X	-4.5	X	X	X	X	X	X	X	X	X	X	X	X	X	X	X	EC958_4952	X	X	X	X	X
	hypothetical protein	-4.5	X	X	X	X	X	X	X	X	X	X	X	X	X	X	X	ENC_07280	X	X	X	X	X	X	X	X	X	X	X	X	X	X	X
	conserved hypothetical protein	X	-4.5	X	X	X	X	X	X	X	X	X	X	X	X	X	X	X	BN373_16131	X	X	X	X	X	X	X	X	X	X	X	X	X	X
	Phage antitermination protein Q	-1.22999689354051	X	X	X	X	X	X	X	X	X	X	X	X	X	X	X	ENC_327added	X	X	X	X	X	X	X	X	X	X	X	X	X	X	X
	hypothetical protein	-0.0940683158907588	X	X	X	X	X	X	X	X	X	X	X	X	X	X	X	ENC_35270	X	X	X	X	X	X	X	X	X	X	X	X	X	X	X
		X	X	-4.5	X	X	X	X	X	X	X	X	X	X	X	X	X	X	X	ERS227112_05335	X	X	X	X	X	X	X	X	X	X	X	X	X
	hypothetical protein	-4.5	X	X	X	X	X	X	X	X	X	X	X	X	X	X	X	ENC_27430	X	X	X	X	X	X	X	X	X	X	X	X	X	X	X
	putative capsular polysaccharide	X	X	X	X	X	X	X	X	X	X	X	X	X	-1.81025535851509	X	X	X	X	X	X	X	X	X	X	X	X	X	X	X	ETEC_2175	X	X
dprA	DNA protecting protein DprA,hypothetical protein,hypothetical protein,DNA protecting protein DprA,DNA recombination-mediator protein A	X	X	X	X	X	X	X	X	X	X	X	X	-0.388772456094401	X	X	X	X	X	X	X	X	X	X	X	X	X	X	X	CS17_00263	X	X	X
spaS_2	type III secretion system protein,Surface presentation of antigens protein spaS,type III secretion system protein SpaS,type III secretion protein, YscU/HrpY family,FlhB HrpN YscU SpaS Family	X	X	X	X	X	X	X	X	X	X	X	X	-4.5	X	X	X	X	X	X	X	X	X	X	X	X	X	X	X	CS17_03205	X	X	X
chbC_1	PTS system transporter subunit IIC,PTS system N,N'-diacetylchitobiose-specific EIIC component,PTS system N,N'-diacetylchitobiose-specific transporter subunit IIC,Phosphotransferase system cellobiose-specific component IIC,PTS system, cellobiose-specific IIC component,Phosphotransferase system, EIIC	X	X	X	X	X	X	X	X	X	X	X	X	-0.197815307185536	X	X	X	X	X	X	X	X	X	X	X	X	X	X	X	CS17_01701	X	X	X
	hypothetical protein	X	X	X	X	X	X	X	X	X	X	X	X	-0.0795569017722011	X	X	X	X	X	X	X	X	X	X	X	X	X	X	X	CS17_01615	X	X	X
	protein EivF	X	X	X	X	X	X	X	X	X	X	X	X	-4.5	X	X	X	X	X	X	X	X	X	X	X	X	X	X	X	CS17_03218	X	X	X
	putative polysaccharide biosynthesis protein	X	X	X	X	X	X	X	X	X	X	X	X	X	-1.07983434382045	X	X	X	X	X	X	X	X	X	X	X	X	X	X	X	ETEC_2174	X	X
	hypothetical protein	X	X	X	-0.305405829606966	X	X	X	X	X	X	X	X	X	X	X	X	X	X	X	ROD_49911	X	X	X	X	X	X	X	X	X	X	X	X
	hypothetical protein	-4.5	X	X	X	X	X	X	X	X	X	X	X	X	X	X	X	ENC_27610	X	X	X	X	X	X	X	X	X	X	X	X	X	X	X
		X	X	-4.5	X	X	X	X	X	X	X	X	X	X	X	X	X	X	X	ERS227112_05330	X	X	X	X	X	X	X	X	X	X	X	X	X
		X	X	-0.685119156062787	X	X	X	X	X	X	X	X	X	X	X	X	X	X	X	ERS227112_00241	X	X	X	X	X	X	X	X	X	X	X	X	X
der	GTPase Der	-0.898395559786733	X	X	X	X	X	X	X	X	X	X	X	X	X	X	X	ENC_450added	X	X	X	X	X	X	X	X	X	X	X	X	X	X	X
	Domain of unknown function DUF1828.	-4.5	X	X	X	X	X	X	X	X	X	X	X	X	X	X	X	ENC_27500	X	X	X	X	X	X	X	X	X	X	X	X	X	X	X
	hypothetical protein	-4.5	X	X	X	X	X	X	X	X	X	X	X	X	X	X	X	ENC_560added	X	X	X	X	X	X	X	X	X	X	X	X	X	X	X
	alpha amylase	X	X	X	X	X	X	X	X	X	X	X	X	-0.551172024431693	X	X	X	X	X	X	X	X	X	X	X	X	X	X	X	CS17_02975	X	X	X
pheM	phenylalanyl-tRNA synthetase operon leader peptide	X	X	X	X	X	X	X	X	X	X	X	X	X	X	-4.5	X	X	X	X	X	X	X	X	X	X	X	X	X	X	X	BW25113_1715	X
	hypothetical protein	-4.5	X	X	X	X	X	X	X	X	X	X	X	X	X	X	X	ENC_27510	X	X	X	X	X	X	X	X	X	X	X	X	X	X	X
	hypothetical protein	-4.5	X	X	X	X	X	X	X	X	X	X	X	X	X	X	X	ENC_420added	X	X	X	X	X	X	X	X	X	X	X	X	X	X	X
	phage integrase	X	X	X	X	X	X	X	X	X	X	X	X	X	-1.39797198780968	X	X	X	X	X	X	X	X	X	X	X	X	X	X	X	ETEC_2842	X	X
	putative UDP-D-galactose:(glucosyl)lipopolysaccharide-1, 6-D-galactosyltransferase	X	X	X	X	X	X	X	X	X	X	X	X	X	-1.1718596115859	X	X	X	X	X	X	X	X	X	X	X	X	X	X	X	ETEC_2179	X	X
	hypothetical protein	X	X	X	X	X	X	X	X	X	X	X	X	-4.5	X	X	X	X	X	X	X	X	X	X	X	X	X	X	X	CS17_03184	X	X	X
	hypothetical protein	-4.5	X	X	X	X	X	X	X	X	X	X	X	X	X	X	X	ENC_27600	X	X	X	X	X	X	X	X	X	X	X	X	X	X	X
yvoA_1	GntR family transcriptional regulator,HTH-type transcriptional repressor yvoA,DNA-binding transcriptional regulator FrlR,Transcriptional regulators,histidine utilization repressor,UTRA domain	X	X	X	X	X	X	X	X	X	X	X	X	-0.0407544611717822	X	X	X	X	X	X	X	X	X	X	X	X	X	X	X	CS17_03451	X	X	X
		X	X	-0.528274788783585	X	X	X	X	X	X	X	X	X	X	X	X	X	X	X	ERS227112_00124	X	X	X	X	X	X	X	X	X	X	X	X	X
	hypothetical protein	X	X	X	-0.134939701672811	X	X	X	X	X	X	X	X	X	X	X	X	X	X	X	ROD_16851	X	X	X	X	X	X	X	X	X	X	X	X
pheL	pheA gene leader peptide	X	X	X	X	X	X	X	X	X	X	X	X	X	X	-4.5	X	X	X	X	X	X	X	X	X	X	X	X	X	X	X	BW25113_2598	X
	Glycosyltransferase	-0.442904736301332	X	X	X	X	X	X	X	X	X	X	X	X	X	X	X	ENC_41320	X	X	X	X	X	X	X	X	X	X	X	X	X	X	X
