alaS	1	1	1	1	1	b2697	Aminoacyl+AC0-tRNA biosynthesis +AC0- Escherichia coli K+AC0-12 MG1655
aspS	1	1	1	1	1	b1866	Aminoacyl+AC0-tRNA biosynthesis +AC0- Escherichia coli K+AC0-12 MG1655
cysS	1	1	1	1	1	b0526	Aminoacyl+AC0-tRNA biosynthesis +AC0- Escherichia coli K+AC0-12 MG1655
dnaB	1	1	1	1	1	b4052	DNA replication +AC0- Escherichia coli K+AC0-12 MG1655
dnaE	1	1	1	1	1	b0184	Purine metabolism +AC0- Escherichia coli K+AC0-12 MG1655 / Pyrimidine metabolism +AC0- Escherichia coli K+AC0-12 MG1655 / Metabolic pathways +AC0- Escherichia coli K+AC0-12 MG1655 / DNA replication +AC0- Escherichia coli K+AC0-12 MG1655 / Mismatch repair +AC0- Escherichia coli K+AC0-12 MG1655 / Homologous recombination +AC0- Escherichia coli K+AC0-12 MG1655
dnaN	1	1	1	1	1	b3701	Purine metabolism +AC0- Escherichia coli K+AC0-12 MG1655 / Pyrimidine metabolism +AC0- Escherichia coli K+AC0-12 MG1655 / Metabolic pathways +AC0- Escherichia coli K+AC0-12 MG1655 / DNA replication +AC0- Escherichia coli K+AC0-12 MG1655 / Mismatch repair +AC0- Escherichia coli K+AC0-12 MG1655 / Homologous recombination +AC0- Escherichia coli K+AC0-12 MG1655
dnaX	1	1	1	1	1	b0470	Purine metabolism +AC0- Escherichia coli K+AC0-12 MG1655 / Pyrimidine metabolism +AC0- Escherichia coli K+AC0-12 MG1655 / Metabolic pathways +AC0- Escherichia coli K+AC0-12 MG1655 / DNA replication +AC0- Escherichia coli K+AC0-12 MG1655 / Mismatch repair +AC0- Escherichia coli K+AC0-12 MG1655 / Homologous recombination +AC0- Escherichia coli K+AC0-12 MG1655
engB	1	1	1	1	1	b3865	
fabG	1	1	1	1	1	b1093	Fatty acid biosynthesis +AC0- Escherichia coli K+AC0-12 MG1655 / Biotin metabolism +AC0- Escherichia coli K+AC0-12 MG1655 / Biosynthesis of unsaturated fatty acids +AC0- Escherichia coli K+AC0-12 MG1655 / Metabolic pathways +AC0- Escherichia coli K+AC0-12 MG1655 / Fatty acid metabolism +AC0- Escherichia coli K+AC0-12 MG1655
frr	1	1	1	1	1	b0172	
ftsA	1	1	1	1	1	b0094	
ftsY	1	1	1	1	1	b3464	Quorum sensing +AC0- Escherichia coli K+AC0-12 MG1655 / Protein export +AC0- Escherichia coli K+AC0-12 MG1655 / Bacterial secretion system +AC0- Escherichia coli K+AC0-12 MG1655
ftsZ	1	1	1	1	1	b0095	
gltX	1	1	1	1	1	b2400	Porphyrin and chlorophyll metabolism +AC0- Escherichia coli K+AC0-12 MG1655 / Aminoacyl+AC0-tRNA biosynthesis +AC0- Escherichia coli K+AC0-12 MG1655 / Metabolic pathways +AC0- Escherichia coli K+AC0-12 MG1655 / Biosynthesis of secondary metabolites +AC0- Escherichia coli K+AC0-12 MG1655
gmk	1	1	1	1	1	b3648	Purine metabolism +AC0- Escherichia coli K+AC0-12 MG1655 / Metabolic pathways +AC0- Escherichia coli K+AC0-12 MG1655
gyrB	1	1	1	1	1	b3699	
hisS	1	1	1	1	1	b2514	Aminoacyl+AC0-tRNA biosynthesis +AC0- Escherichia coli K+AC0-12 MG1655
ileS	1	1	1	1	1	b0026	Aminoacyl+AC0-tRNA biosynthesis +AC0- Escherichia coli K+AC0-12 MG1655
infA	1	1	1	1	1	b0884	
infB	1	1	1	1	1	b3168	
infC	1	1	1	1	1	b1718	
leuS	1	1	1	1	1	b0642	Aminoacyl+AC0-tRNA biosynthesis +AC0- Escherichia coli K+AC0-12 MG1655
ligA	1	1	1	1	1	b2411	DNA replication +AC0- Escherichia coli K+AC0-12 MG1655 / Base excision repair +AC0- Escherichia coli K+AC0-12 MG1655 / Nucleotide excision repair +AC0- Escherichia coli K+AC0-12 MG1655 / Mismatch repair +AC0- Escherichia coli K+AC0-12 MG1655
mraY	1	1	1	1	1	b0087	Peptidoglycan biosynthesis +AC0- Escherichia coli K+AC0-12 MG1655 / Metabolic pathways +AC0- Escherichia coli K+AC0-12 MG1655 / Vancomycin resistance +AC0- Escherichia coli K+AC0-12 MG1655
murD	1	1	1	1	1	b0088	D+AC0-Glutamine and D+AC0-glutamate metabolism +AC0- Escherichia coli K+AC0-12 MG1655 / Peptidoglycan biosynthesis +AC0- Escherichia coli K+AC0-12 MG1655 / Metabolic pathways +AC0- Escherichia coli K+AC0-12 MG1655
murG	1	1	1	1	1	b0090	Peptidoglycan biosynthesis +AC0- Escherichia coli K+AC0-12 MG1655 / Metabolic pathways +AC0- Escherichia coli K+AC0-12 MG1655 / Vancomycin resistance +AC0- Escherichia coli K+AC0-12 MG1655
pheS	1	1	1	1	1	b1714	Aminoacyl+AC0-tRNA biosynthesis +AC0- Escherichia coli K+AC0-12 MG1655
prfB	1	1	1	1	1	b2891	
proS	1	1	1	1	1	b0194	Aminoacyl+AC0-tRNA biosynthesis +AC0- Escherichia coli K+AC0-12 MG1655
prs	1	1	1	1	1	b1207	Pentose phosphate pathway +AC0- Escherichia coli K+AC0-12 MG1655 / Purine metabolism +AC0- Escherichia coli K+AC0-12 MG1655 / Metabolic pathways +AC0- Escherichia coli K+AC0-12 MG1655 / Biosynthesis of secondary metabolites +AC0- Escherichia coli K+AC0-12 MG1655 / Microbial metabolism in diverse environments +AC0- Escherichia coli K+AC0-12 MG1655 / Biosynthesis of antibiotics +AC0- Escherichia coli K+AC0-12 MG1655 / Carbon metabolism +AC0- Escherichia coli K+AC0-12 MG1655 / Biosynthesis of amino acids +AC0- Escherichia coli K+AC0-12 MG1655
pyrH	1	1	1	1	1	b0171	Pyrimidine metabolism +AC0- Escherichia coli K+AC0-12 MG1655 / Metabolic pathways +AC0- Escherichia coli K+AC0-12 MG1655
ribF	1	1	1	1	1	b0025	Riboflavin metabolism +AC0- Escherichia coli K+AC0-12 MG1655 / Metabolic pathways +AC0- Escherichia coli K+AC0-12 MG1655 / Biosynthesis of secondary metabolites +AC0- Escherichia coli K+AC0-12 MG1655
rplB	1	1	1	1	1	b3317	Ribosome +AC0- Escherichia coli K+AC0-12 MG1655
rplC	1	1	1	1	1	b3320	Ribosome +AC0- Escherichia coli K+AC0-12 MG1655
rplD	1	1	1	1	1	b3319	Ribosome +AC0- Escherichia coli K+AC0-12 MG1655
rplE	1	1	1	1	1	b3308	Ribosome +AC0- Escherichia coli K+AC0-12 MG1655
rplF	1	1	1	1	1	b3305	Ribosome +AC0- Escherichia coli K+AC0-12 MG1655
rplM	1	1	1	1	1	b3231	Ribosome +AC0- Escherichia coli K+AC0-12 MG1655
rplN	1	1	1	1	1	b3310	Ribosome +AC0- Escherichia coli K+AC0-12 MG1655
rplO	1	1	1	1	1	b3301	Ribosome +AC0- Escherichia coli K+AC0-12 MG1655
rplP	1	1	1	1	1	b3313	Ribosome +AC0- Escherichia coli K+AC0-12 MG1655
rplQ	1	1	1	1	1	b3294	Ribosome +AC0- Escherichia coli K+AC0-12 MG1655
rplT	1	1	1	1	1	b1716	Ribosome +AC0- Escherichia coli K+AC0-12 MG1655
rplV	1	1	1	1	1	b3315	Ribosome +AC0- Escherichia coli K+AC0-12 MG1655
rplW	1	1	1	1	1	b3318	Ribosome +AC0- Escherichia coli K+AC0-12 MG1655
rpoA	1	1	1	1	1	b3295	Purine metabolism +AC0- Escherichia coli K+AC0-12 MG1655 / Pyrimidine metabolism +AC0- Escherichia coli K+AC0-12 MG1655 / Metabolic pathways +AC0- Escherichia coli K+AC0-12 MG1655 / RNA polymerase +AC0- Escherichia coli K+AC0-12 MG1655
rpoB	1	1	1	1	1	b3987	Purine metabolism +AC0- Escherichia coli K+AC0-12 MG1655 / Pyrimidine metabolism +AC0- Escherichia coli K+AC0-12 MG1655 / Metabolic pathways +AC0- Escherichia coli K+AC0-12 MG1655 / RNA polymerase +AC0- Escherichia coli K+AC0-12 MG1655
rpoD	1	1	1	1	1	b3067	
rpsC	1	1	1	1	1	b3314	Ribosome +AC0- Escherichia coli K+AC0-12 MG1655
rpsD	1	1	1	1	1	b3296	Ribosome +AC0- Escherichia coli K+AC0-12 MG1655
rpsE	1	1	1	1	1	b3303	Ribosome +AC0- Escherichia coli K+AC0-12 MG1655
rpsG	1	1	1	1	1	b3341	Ribosome +AC0- Escherichia coli K+AC0-12 MG1655
rpsH	1	1	1	1	1	b3306	Ribosome +AC0- Escherichia coli K+AC0-12 MG1655
rpsJ	1	1	1	1	1	b3321	Ribosome +AC0- Escherichia coli K+AC0-12 MG1655
rpsK	1	1	1	1	1	b3297	Ribosome +AC0- Escherichia coli K+AC0-12 MG1655
rpsL	1	1	1	1	1	b3342	Ribosome +AC0- Escherichia coli K+AC0-12 MG1655
rpsM	1	1	1	1	1	b3298	Ribosome +AC0- Escherichia coli K+AC0-12 MG1655
secY	1	1	1	1	1	b3300	Quorum sensing +AC0- Escherichia coli K+AC0-12 MG1655 / Protein export +AC0- Escherichia coli K+AC0-12 MG1655 / Bacterial secretion system +AC0- Escherichia coli K+AC0-12 MG1655
serS	1	1	1	1	1	b0893	Aminoacyl+AC0-tRNA biosynthesis +AC0- Escherichia coli K+AC0-12 MG1655
thrS	1	1	1	1	1	b1719	Aminoacyl+AC0-tRNA biosynthesis +AC0- Escherichia coli K+AC0-12 MG1655
tmk	1	1	1	1	1	b1098	Pyrimidine metabolism +AC0- Escherichia coli K+AC0-12 MG1655 / Metabolic pathways +AC0- Escherichia coli K+AC0-12 MG1655
tsf	1	1	1	1	1	b0170	
tyrS	1	1	1	1	1	b1637	Aminoacyl+AC0-tRNA biosynthesis +AC0- Escherichia coli K+AC0-12 MG1655
uppS	1	1	1	1	1	b0174	Terpenoid backbone biosynthesis +AC0- Escherichia coli K+AC0-12 MG1655 / Biosynthesis of secondary metabolites +AC0- Escherichia coli K+AC0-12 MG1655
valS	1	1	1	1	1	b4258	Aminoacyl+AC0-tRNA biosynthesis +AC0- Escherichia coli K+AC0-12 MG1655
acpP	1	1	1	1	0	b1094	
bamA	1	1	1	1	0	b0177	
dapB	1	1	1	1	0	b0031	Monobactam biosynthesis +AC0- Escherichia coli K+AC0-12 MG1655 / Lysine biosynthesis +AC0- Escherichia coli K+AC0-12 MG1655 / Metabolic pathways +AC0- Escherichia coli K+AC0-12 MG1655 / Biosynthesis of secondary metabolites +AC0- Escherichia coli K+AC0-12 MG1655 / Microbial metabolism in diverse environments +AC0- Escherichia coli K+AC0-12 MG1655 / Biosynthesis of antibiotics +AC0- Escherichia coli K+AC0-12 MG1655 / Biosynthesis of amino acids +AC0- Escherichia coli K+AC0-12 MG1655
dapE	1	1	1	1	0	b2472	Lysine biosynthesis +AC0- Escherichia coli K+AC0-12 MG1655 / Metabolic pathways +AC0- Escherichia coli K+AC0-12 MG1655 / Microbial metabolism in diverse environments +AC0- Escherichia coli K+AC0-12 MG1655 / Biosynthesis of amino acids +AC0- Escherichia coli K+AC0-12 MG1655
dxr	1	1	1	1	0	b0173	Terpenoid backbone biosynthesis +AC0- Escherichia coli K+AC0-12 MG1655 / Metabolic pathways +AC0- Escherichia coli K+AC0-12 MG1655 / Biosynthesis of secondary metabolites +AC0- Escherichia coli K+AC0-12 MG1655 / Biosynthesis of antibiotics +AC0- Escherichia coli K+AC0-12 MG1655
dxs	1	1	1	1	0	b0420	Thiamine metabolism +AC0- Escherichia coli K+AC0-12 MG1655 / Terpenoid backbone biosynthesis +AC0- Escherichia coli K+AC0-12 MG1655 / Metabolic pathways +AC0- Escherichia coli K+AC0-12 MG1655 / Biosynthesis of secondary metabolites +AC0- Escherichia coli K+AC0-12 MG1655 / Biosynthesis of antibiotics +AC0- Escherichia coli K+AC0-12 MG1655
fabZ	1	1	1	1	0	b0180	Fatty acid biosynthesis +AC0- Escherichia coli K+AC0-12 MG1655 / Biotin metabolism +AC0- Escherichia coli K+AC0-12 MG1655 / Metabolic pathways +AC0- Escherichia coli K+AC0-12 MG1655 / Fatty acid metabolism +AC0- Escherichia coli K+AC0-12 MG1655
glmM	1	1	1	1	0	b3176	Amino sugar and nucleotide sugar metabolism +AC0- Escherichia coli K+AC0-12 MG1655 / Metabolic pathways +AC0- Escherichia coli K+AC0-12 MG1655 / Biosynthesis of antibiotics +AC0- Escherichia coli K+AC0-12 MG1655
glmU	1	1	1	1	0	b3730	Amino sugar and nucleotide sugar metabolism +AC0- Escherichia coli K+AC0-12 MG1655 / Metabolic pathways +AC0- Escherichia coli K+AC0-12 MG1655 / Biosynthesis of antibiotics +AC0- Escherichia coli K+AC0-12 MG1655
glyS	1	1	1	1	0	b3559	Aminoacyl+AC0-tRNA biosynthesis +AC0- Escherichia coli K+AC0-12 MG1655
hemC	1	1	1	1	0	b3805	Porphyrin and chlorophyll metabolism +AC0- Escherichia coli K+AC0-12 MG1655 / Metabolic pathways +AC0- Escherichia coli K+AC0-12 MG1655 / Biosynthesis of secondary metabolites +AC0- Escherichia coli K+AC0-12 MG1655
ispE	1	1	1	1	0	b1208	Terpenoid backbone biosynthesis +AC0- Escherichia coli K+AC0-12 MG1655 / Metabolic pathways +AC0- Escherichia coli K+AC0-12 MG1655 / Biosynthesis of secondary metabolites +AC0- Escherichia coli K+AC0-12 MG1655 / Biosynthesis of antibiotics +AC0- Escherichia coli K+AC0-12 MG1655
ispG	1	1	1	1	0	b2515	Terpenoid backbone biosynthesis +AC0- Escherichia coli K+AC0-12 MG1655 / Metabolic pathways +AC0- Escherichia coli K+AC0-12 MG1655 / Biosynthesis of secondary metabolites +AC0- Escherichia coli K+AC0-12 MG1655 / Biosynthesis of antibiotics +AC0- Escherichia coli K+AC0-12 MG1655
lolC	1	1	1	1	0	b1116	ABC transporters +AC0- Escherichia coli K+AC0-12 MG1655
lspA	1	1	1	1	0	b0027	Protein export +AC0- Escherichia coli K+AC0-12 MG1655
murA	1	1	1	1	0	b3189	Amino sugar and nucleotide sugar metabolism +AC0- Escherichia coli K+AC0-12 MG1655 / Peptidoglycan biosynthesis +AC0- Escherichia coli K+AC0-12 MG1655 / Metabolic pathways +AC0- Escherichia coli K+AC0-12 MG1655
murC	1	1	1	1	0	b0091	D+AC0-Glutamine and D+AC0-glutamate metabolism +AC0- Escherichia coli K+AC0-12 MG1655 / Peptidoglycan biosynthesis +AC0- Escherichia coli K+AC0-12 MG1655 / Metabolic pathways +AC0- Escherichia coli K+AC0-12 MG1655
murE	1	1	1	1	0	b0085	Lysine biosynthesis +AC0- Escherichia coli K+AC0-12 MG1655 / Peptidoglycan biosynthesis +AC0- Escherichia coli K+AC0-12 MG1655
nusG	1	1	1	1	0	b3982	
pheT	1	1	1	1	0	b1713	Aminoacyl+AC0-tRNA biosynthesis +AC0- Escherichia coli K+AC0-12 MG1655
ppa	1	1	1	1	0	b4226	Oxidative phosphorylation +AC0- Escherichia coli K+AC0-12 MG1655
pyrG	1	1	1	1	0	b2780	Pyrimidine metabolism +AC0- Escherichia coli K+AC0-12 MG1655 / Metabolic pathways +AC0- Escherichia coli K+AC0-12 MG1655
rplK	1	1	1	1	0	b3983	Ribosome +AC0- Escherichia coli K+AC0-12 MG1655
rplR	1	1	1	1	0	b3304	Ribosome +AC0- Escherichia coli K+AC0-12 MG1655
rpmB	1	1	1	1	0	b3637	Ribosome +AC0- Escherichia coli K+AC0-12 MG1655
tadA	1	1	1	1	0	b2559	
yidC	1	1	1	1	0	b3705	Quorum sensing +AC0- Escherichia coli K+AC0-12 MG1655 / Protein export +AC0- Escherichia coli K+AC0-12 MG1655 / Bacterial secretion system +AC0- Escherichia coli K+AC0-12 MG1655
der	1	1	1	0	1	b2511	
fmt	1	1	1	0	1	b3288	One carbon pool by folate +AC0- Escherichia coli K+AC0-12 MG1655 / Aminoacyl+AC0-tRNA biosynthesis +AC0- Escherichia coli K+AC0-12 MG1655
fusA	1	1	1	0	1	b3340	
groL	1	1	1	0	1	b4143	RNA degradation +AC0- Escherichia coli K+AC0-12 MG1655
lysS	1	1	1	0	1	b4129	Aminoacyl+AC0-tRNA biosynthesis +AC0- Escherichia coli K+AC0-12 MG1655
map	1	1	1	0	1	b0168	
rpsB	1	1	1	0	1	b0169	Ribosome +AC0- Escherichia coli K+AC0-12 MG1655
adk	1	1	1	0	0	b0474	Purine metabolism +AC0- Escherichia coli K+AC0-12 MG1655 / Metabolic pathways +AC0- Escherichia coli K+AC0-12 MG1655 / Biosynthesis of secondary metabolites +AC0- Escherichia coli K+AC0-12 MG1655 / Biosynthesis of antibiotics +AC0- Escherichia coli K+AC0-12 MG1655
dapA	1	1	1	0	0	b2478	Monobactam biosynthesis +AC0- Escherichia coli K+AC0-12 MG1655 / Lysine biosynthesis +AC0- Escherichia coli K+AC0-12 MG1655 / Metabolic pathways +AC0- Escherichia coli K+AC0-12 MG1655 / Biosynthesis of secondary metabolites +AC0- Escherichia coli K+AC0-12 MG1655 / Microbial metabolism in diverse environments +AC0- Escherichia coli K+AC0-12 MG1655 / Biosynthesis of antibiotics +AC0- Escherichia coli K+AC0-12 MG1655 / Biosynthesis of amino acids +AC0- Escherichia coli K+AC0-12 MG1655
erpA	1	1	1	0	0	b0156	
fabB	1	1	1	0	0	b2323	Fatty acid biosynthesis +AC0- Escherichia coli K+AC0-12 MG1655 / Biotin metabolism +AC0- Escherichia coli K+AC0-12 MG1655 / Metabolic pathways +AC0- Escherichia coli K+AC0-12 MG1655 / Fatty acid metabolism +AC0- Escherichia coli K+AC0-12 MG1655
fbaA	1	1	1	0	0	b2925	Glycolysis / Gluconeogenesis +AC0- Escherichia coli K+AC0-12 MG1655 / Pentose phosphate pathway +AC0- Escherichia coli K+AC0-12 MG1655 / Fructose and mannose metabolism +AC0- Escherichia coli K+AC0-12 MG1655 / Methane metabolism +AC0- Escherichia coli K+AC0-12 MG1655 / Metabolic pathways +AC0- Escherichia coli K+AC0-12 MG1655 / Biosynthesis of secondary metabolites +AC0- Escherichia coli K+AC0-12 MG1655 / Microbial metabolism in diverse environments +AC0- Escherichia coli K+AC0-12 MG1655 / Biosynthesis of antibiotics +AC0- Escherichia coli K+AC0-12 MG1655 / Carbon metabolism +AC0- Escherichia coli K+AC0-12 MG1655 / Biosynthesis of amino acids +AC0- Escherichia coli K+AC0-12 MG1655
folD	1	1	1	0	0	b0529	One carbon pool by folate +AC0- Escherichia coli K+AC0-12 MG1655 / Metabolic pathways +AC0- Escherichia coli K+AC0-12 MG1655 / Microbial metabolism in diverse environments +AC0- Escherichia coli K+AC0-12 MG1655 / Carbon metabolism +AC0- Escherichia coli K+AC0-12 MG1655
ftsH	1	1	1	0	0	b3178	
ftsI	1	1	1	0	0	b0084	Peptidoglycan biosynthesis +AC0- Escherichia coli K+AC0-12 MG1655 / beta+AC0-Lactam resistance +AC0- Escherichia coli K+AC0-12 MG1655
ftsW	1	1	1	0	0	b0089	
gcp	1	1	1	0	0	b3064	
glnS	1	1	1	0	0	b0680	Aminoacyl+AC0-tRNA biosynthesis +AC0- Escherichia coli K+AC0-12 MG1655 / Metabolic pathways +AC0- Escherichia coli K+AC0-12 MG1655
groS	1	1	1	0	0	b4142	
holA	1	1	1	0	0	b0640	Purine metabolism +AC0- Escherichia coli K+AC0-12 MG1655 / Pyrimidine metabolism +AC0- Escherichia coli K+AC0-12 MG1655 / Metabolic pathways +AC0- Escherichia coli K+AC0-12 MG1655 / DNA replication +AC0- Escherichia coli K+AC0-12 MG1655 / Mismatch repair +AC0- Escherichia coli K+AC0-12 MG1655 / Homologous recombination +AC0- Escherichia coli K+AC0-12 MG1655
holB	1	1	1	0	0	b1099	Purine metabolism +AC0- Escherichia coli K+AC0-12 MG1655 / Pyrimidine metabolism +AC0- Escherichia coli K+AC0-12 MG1655 / Metabolic pathways +AC0- Escherichia coli K+AC0-12 MG1655 / DNA replication +AC0- Escherichia coli K+AC0-12 MG1655 / Mismatch repair +AC0- Escherichia coli K+AC0-12 MG1655 / Homologous recombination +AC0- Escherichia coli K+AC0-12 MG1655
ispF	1	1	1	0	0	b2746	Terpenoid backbone biosynthesis +AC0- Escherichia coli K+AC0-12 MG1655 / Metabolic pathways +AC0- Escherichia coli K+AC0-12 MG1655 / Biosynthesis of secondary metabolites +AC0- Escherichia coli K+AC0-12 MG1655 / Biosynthesis of antibiotics +AC0- Escherichia coli K+AC0-12 MG1655
ispH	1	1	1	0	0	b0029	Terpenoid backbone biosynthesis +AC0- Escherichia coli K+AC0-12 MG1655 / Metabolic pathways +AC0- Escherichia coli K+AC0-12 MG1655 / Biosynthesis of secondary metabolites +AC0- Escherichia coli K+AC0-12 MG1655 / Biosynthesis of antibiotics +AC0- Escherichia coli K+AC0-12 MG1655
lepB	1	1	1	0	0	b2568	Quorum sensing +AC0- Escherichia coli K+AC0-12 MG1655 / Protein export +AC0- Escherichia coli K+AC0-12 MG1655
lgt	1	1	1	0	0	b2828	
lolD	1	1	1	0	0	b1117	ABC transporters +AC0- Escherichia coli K+AC0-12 MG1655
mviN	1	1	1	0	0	b1069	Peptidoglycan biosynthesis +AC0- Escherichia coli K+AC0-12 MG1655
nrdB	1	1	1	0	0	b2235	Purine metabolism +AC0- Escherichia coli K+AC0-12 MG1655 / Pyrimidine metabolism +AC0- Escherichia coli K+AC0-12 MG1655 / Metabolic pathways +AC0- Escherichia coli K+AC0-12 MG1655
pgk	1	1	1	0	0	b2926	Glycolysis / Gluconeogenesis +AC0- Escherichia coli K+AC0-12 MG1655 / Metabolic pathways +AC0- Escherichia coli K+AC0-12 MG1655 / Biosynthesis of secondary metabolites +AC0- Escherichia coli K+AC0-12 MG1655 / Microbial metabolism in diverse environments +AC0- Escherichia coli K+AC0-12 MG1655 / Biosynthesis of antibiotics +AC0- Escherichia coli K+AC0-12 MG1655 / Carbon metabolism +AC0- Escherichia coli K+AC0-12 MG1655 / Biosynthesis of amino acids +AC0- Escherichia coli K+AC0-12 MG1655
ppnK	1	1	1	0	0	b2615	Nicotinate and nicotinamide metabolism +AC0- Escherichia coli K+AC0-12 MG1655 / Metabolic pathways +AC0- Escherichia coli K+AC0-12 MG1655
ribA	1	1	1	0	0	b1277	Riboflavin metabolism +AC0- Escherichia coli K+AC0-12 MG1655 / Metabolic pathways +AC0- Escherichia coli K+AC0-12 MG1655 / Biosynthesis of secondary metabolites +AC0- Escherichia coli K+AC0-12 MG1655 / Quorum sensing +AC0- Escherichia coli K+AC0-12 MG1655
rimN	1	1	1	0	0	b3282	
rplJ	1	1	1	0	0	b3985	Ribosome +AC0- Escherichia coli K+AC0-12 MG1655
rplL	1	1	1	0	0	b3986	Ribosome +AC0- Escherichia coli K+AC0-12 MG1655
rplS	1	1	1	0	0	b2606	Ribosome +AC0- Escherichia coli K+AC0-12 MG1655
rplU	1	1	1	0	0	b3186	Ribosome +AC0- Escherichia coli K+AC0-12 MG1655
rpmD	1	1	1	0	0	b3302	Ribosome +AC0- Escherichia coli K+AC0-12 MG1655
rpoH	1	1	1	0	0	b3461	
rpsA	1	1	1	0	0	b0911	Ribosome +AC0- Escherichia coli K+AC0-12 MG1655
rpsN	1	1	1	0	0	b3307	Ribosome +AC0- Escherichia coli K+AC0-12 MG1655
rpsP	1	1	1	0	0	b2609	Ribosome +AC0- Escherichia coli K+AC0-12 MG1655
rpsQ	1	1	1	0	0	b3311	Ribosome +AC0- Escherichia coli K+AC0-12 MG1655
rpsS	1	1	1	0	0	b3316	Ribosome +AC0- Escherichia coli K+AC0-12 MG1655
secA	1	1	1	0	0	b0098	Quorum sensing +AC0- Escherichia coli K+AC0-12 MG1655 / Protein export +AC0- Escherichia coli K+AC0-12 MG1655 / Bacterial secretion system +AC0- Escherichia coli K+AC0-12 MG1655
tilS	1	1	1	0	0	b0188	
trmD	1	1	1	0	0	b2607	
ybeY	1	1	1	0	0	b0659	
yeaZ	1	1	1	0	0	b1807	
yqgF	1	1	1	0	0	b2949	
ssb	1	1	0	1	0	b4059	DNA replication +AC0- Escherichia coli K+AC0-12 MG1655 / Mismatch repair +AC0- Escherichia coli K+AC0-12 MG1655 / Homologous recombination +AC0- Escherichia coli K+AC0-12 MG1655
argS	1	1	0	0	1	b1876	Aminoacyl+AC0-tRNA biosynthesis +AC0- Escherichia coli K+AC0-12 MG1655
ffh	1	1	0	0	1	b2610	Quorum sensing +AC0- Escherichia coli K+AC0-12 MG1655 / Protein export +AC0- Escherichia coli K+AC0-12 MG1655 / Bacterial secretion system +AC0- Escherichia coli K+AC0-12 MG1655
gyrA	1	1	0	0	1	b2231	
metK	1	1	0	0	1	b2942	Cysteine and methionine metabolism +AC0- Escherichia coli K+AC0-12 MG1655 / Metabolic pathways +AC0- Escherichia coli K+AC0-12 MG1655 / Biosynthesis of secondary metabolites +AC0- Escherichia coli K+AC0-12 MG1655 / Biosynthesis of amino acids +AC0- Escherichia coli K+AC0-12 MG1655
nusA	1	1	0	0	1	b3169	
acpS	1	1	0	0	0	b2563	Pantothenate and CoA biosynthesis +AC0- Escherichia coli K+AC0-12 MG1655
asd	1	1	0	0	0	b3433	Glycine, serine and threonine metabolism +AC0- Escherichia coli K+AC0-12 MG1655 / Monobactam biosynthesis +AC0- Escherichia coli K+AC0-12 MG1655 / Cysteine and methionine metabolism +AC0- Escherichia coli K+AC0-12 MG1655 / Lysine biosynthesis +AC0- Escherichia coli K+AC0-12 MG1655 / Metabolic pathways +AC0- Escherichia coli K+AC0-12 MG1655 / Biosynthesis of secondary metabolites +AC0- Escherichia coli K+AC0-12 MG1655 / Microbial metabolism in diverse environments +AC0- Escherichia coli K+AC0-12 MG1655 / Biosynthesis of antibiotics +AC0- Escherichia coli K+AC0-12 MG1655 / 2+AC0-Oxocarboxylic acid metabolism +AC0- Escherichia coli K+AC0-12 MG1655 / Biosynthesis of amino acids +AC0- Escherichia coli K+AC0-12 MG1655
asnS	1	1	0	0	0	b0930	Aminoacyl+AC0-tRNA biosynthesis +AC0- Escherichia coli K+AC0-12 MG1655
bamD	1	1	0	0	0	b2595	
cca	1	1	0	0	0	b3056	
dapD	1	1	0	0	0	b0166	Lysine biosynthesis +AC0- Escherichia coli K+AC0-12 MG1655 / Metabolic pathways +AC0- Escherichia coli K+AC0-12 MG1655 / Microbial metabolism in diverse environments +AC0- Escherichia coli K+AC0-12 MG1655 / Biosynthesis of amino acids +AC0- Escherichia coli K+AC0-12 MG1655
def	1	1	0	0	0	b3287	
dnaG	1	1	0	0	0	b3066	DNA replication +AC0- Escherichia coli K+AC0-12 MG1655
dut	1	1	0	0	0	b3640	Pyrimidine metabolism +AC0- Escherichia coli K+AC0-12 MG1655 / Metabolic pathways +AC0- Escherichia coli K+AC0-12 MG1655
eno	1	1	0	0	0	b2779	Glycolysis / Gluconeogenesis +AC0- Escherichia coli K+AC0-12 MG1655 / Methane metabolism +AC0- Escherichia coli K+AC0-12 MG1655 / Metabolic pathways +AC0- Escherichia coli K+AC0-12 MG1655 / Biosynthesis of secondary metabolites +AC0- Escherichia coli K+AC0-12 MG1655 / Microbial metabolism in diverse environments +AC0- Escherichia coli K+AC0-12 MG1655 / Biosynthesis of antibiotics +AC0- Escherichia coli K+AC0-12 MG1655 / Carbon metabolism +AC0- Escherichia coli K+AC0-12 MG1655 / Biosynthesis of amino acids +AC0- Escherichia coli K+AC0-12 MG1655 / RNA degradation +AC0- Escherichia coli K+AC0-12 MG1655
fabI	1	1	0	0	0	b1288	Fatty acid biosynthesis +AC0- Escherichia coli K+AC0-12 MG1655 / Biotin metabolism +AC0- Escherichia coli K+AC0-12 MG1655 / Metabolic pathways +AC0- Escherichia coli K+AC0-12 MG1655 / Fatty acid metabolism +AC0- Escherichia coli K+AC0-12 MG1655
fldA	1	1	0	0	0	b0684	
folC	1	1	0	0	0	b2315	Folate biosynthesis +AC0- Escherichia coli K+AC0-12 MG1655 / Metabolic pathways +AC0- Escherichia coli K+AC0-12 MG1655
gapA	1	1	0	0	0	b1779	Glycolysis / Gluconeogenesis +AC0- Escherichia coli K+AC0-12 MG1655 / Metabolic pathways +AC0- Escherichia coli K+AC0-12 MG1655 / Biosynthesis of secondary metabolites +AC0- Escherichia coli K+AC0-12 MG1655 / Microbial metabolism in diverse environments +AC0- Escherichia coli K+AC0-12 MG1655 / Biosynthesis of antibiotics +AC0- Escherichia coli K+AC0-12 MG1655 / Carbon metabolism +AC0- Escherichia coli K+AC0-12 MG1655 / Biosynthesis of amino acids +AC0- Escherichia coli K+AC0-12 MG1655
glyQ	1	1	0	0	0	b3560	Aminoacyl+AC0-tRNA biosynthesis +AC0- Escherichia coli K+AC0-12 MG1655
ispD	1	1	0	0	0	b2747	Terpenoid backbone biosynthesis +AC0- Escherichia coli K+AC0-12 MG1655 / Metabolic pathways +AC0- Escherichia coli K+AC0-12 MG1655 / Biosynthesis of secondary metabolites +AC0- Escherichia coli K+AC0-12 MG1655 / Biosynthesis of antibiotics +AC0- Escherichia coli K+AC0-12 MG1655
metG	1	1	0	0	0	b2114	Selenocompound metabolism +AC0- Escherichia coli K+AC0-12 MG1655 / Aminoacyl+AC0-tRNA biosynthesis +AC0- Escherichia coli K+AC0-12 MG1655
murB	1	1	0	0	0	b3972	Amino sugar and nucleotide sugar metabolism +AC0- Escherichia coli K+AC0-12 MG1655 / Peptidoglycan biosynthesis +AC0- Escherichia coli K+AC0-12 MG1655 / Metabolic pathways +AC0- Escherichia coli K+AC0-12 MG1655
murI	1	1	0	0	0	b3967	D+AC0-Glutamine and D+AC0-glutamate metabolism +AC0- Escherichia coli K+AC0-12 MG1655 / Metabolic pathways +AC0- Escherichia coli K+AC0-12 MG1655
nusB	1	1	0	0	0	b0416	
obg	1	1	0	0	0	b3183	
pth	1	1	0	0	0	b1204	
rho	1	1	0	0	0	b3783	RNA degradation +AC0- Escherichia coli K+AC0-12 MG1655
ribB	1	1	0	0	0	b3041	Riboflavin metabolism +AC0- Escherichia coli K+AC0-12 MG1655 / Metabolic pathways +AC0- Escherichia coli K+AC0-12 MG1655 / Biosynthesis of secondary metabolites +AC0- Escherichia coli K+AC0-12 MG1655
ribD	1	1	0	0	0	b0414	Riboflavin metabolism +AC0- Escherichia coli K+AC0-12 MG1655 / Metabolic pathways +AC0- Escherichia coli K+AC0-12 MG1655 / Biosynthesis of secondary metabolites +AC0- Escherichia coli K+AC0-12 MG1655 / Quorum sensing +AC0- Escherichia coli K+AC0-12 MG1655
ribE	1	1	0	0	0	b1662	Riboflavin metabolism +AC0- Escherichia coli K+AC0-12 MG1655 / Metabolic pathways +AC0- Escherichia coli K+AC0-12 MG1655 / Biosynthesis of secondary metabolites +AC0- Escherichia coli K+AC0-12 MG1655
ribH	1	1	0	0	0	b0415	Riboflavin metabolism +AC0- Escherichia coli K+AC0-12 MG1655 / Metabolic pathways +AC0- Escherichia coli K+AC0-12 MG1655 / Biosynthesis of secondary metabolites +AC0- Escherichia coli K+AC0-12 MG1655
rimM	1	1	0	0	0	b2608	
rpmA	1	1	0	0	0	b3185	Ribosome +AC0- Escherichia coli K+AC0-12 MG1655
rpsR	1	1	0	0	0	b4202	Ribosome +AC0- Escherichia coli K+AC0-12 MG1655
rpsU	1	1	0	0	0	b3065	Ribosome +AC0- Escherichia coli K+AC0-12 MG1655
suhB	1	1	0	0	0	b2533	Streptomycin biosynthesis +AC0- Escherichia coli K+AC0-12 MG1655 / Inositol phosphate metabolism +AC0- Escherichia coli K+AC0-12 MG1655 / Metabolic pathways +AC0- Escherichia coli K+AC0-12 MG1655
dnaA	1	0	1	1	1	b3702	Two+AC0-component system +AC0- Escherichia coli K+AC0-12 MG1655
era	1	0	1	1	1	b2566	
murF	1	0	1	1	1	b0086	Lysine biosynthesis +AC0- Escherichia coli K+AC0-12 MG1655 / Peptidoglycan biosynthesis +AC0- Escherichia coli K+AC0-12 MG1655 / Metabolic pathways +AC0- Escherichia coli K+AC0-12 MG1655 / Vancomycin resistance +AC0- Escherichia coli K+AC0-12 MG1655
rpoC	1	0	1	1	1	b3988	Purine metabolism +AC0- Escherichia coli K+AC0-12 MG1655 / Pyrimidine metabolism +AC0- Escherichia coli K+AC0-12 MG1655 / Metabolic pathways +AC0- Escherichia coli K+AC0-12 MG1655 / RNA polymerase +AC0- Escherichia coli K+AC0-12 MG1655
cdsA	1	0	1	1	0	NA	
coaD	1	0	1	1	0	b3634	Pantothenate and CoA biosynthesis +AC0- Escherichia coli K+AC0-12 MG1655 / Metabolic pathways +AC0- Escherichia coli K+AC0-12 MG1655
hemH	1	0	1	1	0	b0475	Porphyrin and chlorophyll metabolism +AC0- Escherichia coli K+AC0-12 MG1655 / Metabolic pathways +AC0- Escherichia coli K+AC0-12 MG1655 / Biosynthesis of secondary metabolites +AC0- Escherichia coli K+AC0-12 MG1655
ispB	1	0	1	1	0	b3187	Terpenoid backbone biosynthesis +AC0- Escherichia coli K+AC0-12 MG1655 / Biosynthesis of secondary metabolites +AC0- Escherichia coli K+AC0-12 MG1655
kdtA	1	0	1	1	0	b3633	Lipopolysaccharide biosynthesis +AC0- Escherichia coli K+AC0-12 MG1655 / Metabolic pathways +AC0- Escherichia coli K+AC0-12 MG1655
lptD	1	0	1	1	0	b0054	
lpxA	1	0	1	1	0	b0181	Lipopolysaccharide biosynthesis +AC0- Escherichia coli K+AC0-12 MG1655 / Metabolic pathways +AC0- Escherichia coli K+AC0-12 MG1655 / Cationic antimicrobial peptide (CAMP) resistance +AC0- Escherichia coli K+AC0-12 MG1655
lpxB	1	0	1	1	0	b0182	Lipopolysaccharide biosynthesis +AC0- Escherichia coli K+AC0-12 MG1655 / Metabolic pathways +AC0- Escherichia coli K+AC0-12 MG1655
lpxC	1	0	1	1	0	b0096	Lipopolysaccharide biosynthesis +AC0- Escherichia coli K+AC0-12 MG1655 / Metabolic pathways +AC0- Escherichia coli K+AC0-12 MG1655
lpxD	1	0	1	1	0	b0179	Lipopolysaccharide biosynthesis +AC0- Escherichia coli K+AC0-12 MG1655 / Metabolic pathways +AC0- Escherichia coli K+AC0-12 MG1655
lpxK	1	0	1	1	0	b0915	Lipopolysaccharide biosynthesis +AC0- Escherichia coli K+AC0-12 MG1655 / Metabolic pathways +AC0- Escherichia coli K+AC0-12 MG1655
pgsA	1	0	1	1	0	b1912	Glycerophospholipid metabolism +AC0- Escherichia coli K+AC0-12 MG1655 / Metabolic pathways +AC0- Escherichia coli K+AC0-12 MG1655
secD	1	0	1	1	0	b0408	Protein export +AC0- Escherichia coli K+AC0-12 MG1655 / Bacterial secretion system +AC0- Escherichia coli K+AC0-12 MG1655
yjgQ	1	0	1	1	0	b4262	ABC transporters +AC0- Escherichia coli K+AC0-12 MG1655
accA	1	0	1	0	0	b0185	Fatty acid biosynthesis +AC0- Escherichia coli K+AC0-12 MG1655 / Pyruvate metabolism +AC0- Escherichia coli K+AC0-12 MG1655 / Propanoate metabolism +AC0- Escherichia coli K+AC0-12 MG1655 / Metabolic pathways +AC0- Escherichia coli K+AC0-12 MG1655 / Biosynthesis of secondary metabolites +AC0- Escherichia coli K+AC0-12 MG1655 / Microbial metabolism in diverse environments +AC0- Escherichia coli K+AC0-12 MG1655 / Biosynthesis of antibiotics +AC0- Escherichia coli K+AC0-12 MG1655 / Carbon metabolism +AC0- Escherichia coli K+AC0-12 MG1655 / Fatty acid metabolism +AC0- Escherichia coli K+AC0-12 MG1655
accB	1	0	1	0	0	b3255	Fatty acid biosynthesis +AC0- Escherichia coli K+AC0-12 MG1655 / Pyruvate metabolism +AC0- Escherichia coli K+AC0-12 MG1655 / Propanoate metabolism +AC0- Escherichia coli K+AC0-12 MG1655 / Metabolic pathways +AC0- Escherichia coli K+AC0-12 MG1655 / Biosynthesis of secondary metabolites +AC0- Escherichia coli K+AC0-12 MG1655 / Microbial metabolism in diverse environments +AC0- Escherichia coli K+AC0-12 MG1655 / Biosynthesis of antibiotics +AC0- Escherichia coli K+AC0-12 MG1655 / Carbon metabolism +AC0- Escherichia coli K+AC0-12 MG1655 / Fatty acid metabolism +AC0- Escherichia coli K+AC0-12 MG1655
accC	1	0	1	0	0	b3256	Fatty acid biosynthesis +AC0- Escherichia coli K+AC0-12 MG1655 / Pyruvate metabolism +AC0- Escherichia coli K+AC0-12 MG1655 / Propanoate metabolism +AC0- Escherichia coli K+AC0-12 MG1655 / Metabolic pathways +AC0- Escherichia coli K+AC0-12 MG1655 / Biosynthesis of secondary metabolites +AC0- Escherichia coli K+AC0-12 MG1655 / Microbial metabolism in diverse environments +AC0- Escherichia coli K+AC0-12 MG1655 / Biosynthesis of antibiotics +AC0- Escherichia coli K+AC0-12 MG1655 / Carbon metabolism +AC0- Escherichia coli K+AC0-12 MG1655 / Fatty acid metabolism +AC0- Escherichia coli K+AC0-12 MG1655
accD	1	0	1	0	0	b2316	Fatty acid biosynthesis +AC0- Escherichia coli K+AC0-12 MG1655 / Pyruvate metabolism +AC0- Escherichia coli K+AC0-12 MG1655 / Propanoate metabolism +AC0- Escherichia coli K+AC0-12 MG1655 / Metabolic pathways +AC0- Escherichia coli K+AC0-12 MG1655 / Biosynthesis of secondary metabolites +AC0- Escherichia coli K+AC0-12 MG1655 / Microbial metabolism in diverse environments +AC0- Escherichia coli K+AC0-12 MG1655 / Biosynthesis of antibiotics +AC0- Escherichia coli K+AC0-12 MG1655 / Carbon metabolism +AC0- Escherichia coli K+AC0-12 MG1655 / Fatty acid metabolism +AC0- Escherichia coli K+AC0-12 MG1655
coaBC	1	0	1	0	0	NA	
fabA	1	0	1	0	0	b0954	Fatty acid biosynthesis +AC0- Escherichia coli K+AC0-12 MG1655 / Metabolic pathways +AC0- Escherichia coli K+AC0-12 MG1655 / Fatty acid metabolism +AC0- Escherichia coli K+AC0-12 MG1655
ftsQ	1	0	1	0	0	b0093	
kdsA	1	0	1	0	0	b1215	Lipopolysaccharide biosynthesis +AC0- Escherichia coli K+AC0-12 MG1655 / Metabolic pathways +AC0- Escherichia coli K+AC0-12 MG1655
kdsB	1	0	1	0	0	b0918	Lipopolysaccharide biosynthesis +AC0- Escherichia coli K+AC0-12 MG1655 / Metabolic pathways +AC0- Escherichia coli K+AC0-12 MG1655
lolA	1	0	1	0	0	b0891	
lolB	1	0	1	0	0	b1209	
lpxH	1	0	1	0	0	b0524	Lipopolysaccharide biosynthesis +AC0- Escherichia coli K+AC0-12 MG1655 / Metabolic pathways +AC0- Escherichia coli K+AC0-12 MG1655
mrdA	1	0	1	0	0	b0635	Peptidoglycan biosynthesis +AC0- Escherichia coli K+AC0-12 MG1655 / beta+AC0-Lactam resistance +AC0- Escherichia coli K+AC0-12 MG1655
rpmC	1	0	1	0	0	b3312	Ribosome +AC0- Escherichia coli K+AC0-12 MG1655
secE	1	0	1	0	0	b3981	Quorum sensing +AC0- Escherichia coli K+AC0-12 MG1655 / Protein export +AC0- Escherichia coli K+AC0-12 MG1655 / Bacterial secretion system +AC0- Escherichia coli K+AC0-12 MG1655
yjeE	1	0	1	0	0	b4168	
yjgP	1	0	1	0	0	b4261	ABC transporters +AC0- Escherichia coli K+AC0-12 MG1655
08C6U	1	0	0	0	0	NA	
coaA	1	0	0	0	0	b3974	Pantothenate and CoA biosynthesis +AC0- Escherichia coli K+AC0-12 MG1655 / Metabolic pathways +AC0- Escherichia coli K+AC0-12 MG1655
coaE	1	0	0	0	0	b0103	Pantothenate and CoA biosynthesis +AC0- Escherichia coli K+AC0-12 MG1655 / Metabolic pathways +AC0- Escherichia coli K+AC0-12 MG1655
dnaC	1	0	0	0	0	b4361	
dnaT	1	0	0	0	0	b4362	Homologous recombination +AC0- Escherichia coli K+AC0-12 MG1655
fabD	1	0	0	0	0	b1092	Fatty acid biosynthesis +AC0- Escherichia coli K+AC0-12 MG1655 / Metabolic pathways +AC0- Escherichia coli K+AC0-12 MG1655 / Fatty acid metabolism +AC0- Escherichia coli K+AC0-12 MG1655
fabH	1	0	0	0	0	b1091	Fatty acid biosynthesis +AC0- Escherichia coli K+AC0-12 MG1655 / Metabolic pathways +AC0- Escherichia coli K+AC0-12 MG1655 / Fatty acid metabolism +AC0- Escherichia coli K+AC0-12 MG1655
folB	1	0	0	0	0	b3058	Folate biosynthesis +AC0- Escherichia coli K+AC0-12 MG1655 / Metabolic pathways +AC0- Escherichia coli K+AC0-12 MG1655
folE	1	0	0	0	0	b2153	Folate biosynthesis +AC0- Escherichia coli K+AC0-12 MG1655 / Metabolic pathways +AC0- Escherichia coli K+AC0-12 MG1655
glmS	1	0	0	0	0	b3729	Alanine, aspartate and glutamate metabolism +AC0- Escherichia coli K+AC0-12 MG1655 / Amino sugar and nucleotide sugar metabolism +AC0- Escherichia coli K+AC0-12 MG1655 / Metabolic pathways +AC0- Escherichia coli K+AC0-12 MG1655 / Biosynthesis of antibiotics +AC0- Escherichia coli K+AC0-12 MG1655
hemA	1	0	0	0	0	b1210	Porphyrin and chlorophyll metabolism +AC0- Escherichia coli K+AC0-12 MG1655 / Metabolic pathways +AC0- Escherichia coli K+AC0-12 MG1655 / Biosynthesis of secondary metabolites +AC0- Escherichia coli K+AC0-12 MG1655
hemB	1	0	0	0	0	b0369	Porphyrin and chlorophyll metabolism +AC0- Escherichia coli K+AC0-12 MG1655 / Metabolic pathways +AC0- Escherichia coli K+AC0-12 MG1655 / Biosynthesis of secondary metabolites +AC0- Escherichia coli K+AC0-12 MG1655
hemD	1	0	0	0	0	b3804	Porphyrin and chlorophyll metabolism +AC0- Escherichia coli K+AC0-12 MG1655 / Metabolic pathways +AC0- Escherichia coli K+AC0-12 MG1655 / Biosynthesis of secondary metabolites +AC0- Escherichia coli K+AC0-12 MG1655
hemE	1	0	0	0	0	b3997	Porphyrin and chlorophyll metabolism +AC0- Escherichia coli K+AC0-12 MG1655 / Metabolic pathways +AC0- Escherichia coli K+AC0-12 MG1655 / Biosynthesis of secondary metabolites +AC0- Escherichia coli K+AC0-12 MG1655
hemG	1	0	0	0	0	b3850	Porphyrin and chlorophyll metabolism +AC0- Escherichia coli K+AC0-12 MG1655 / Metabolic pathways +AC0- Escherichia coli K+AC0-12 MG1655 / Biosynthesis of secondary metabolites +AC0- Escherichia coli K+AC0-12 MG1655
lexA	1	0	0	0	0	b4043	
lnt	1	0	0	0	0	b0657	
lptA	1	0	0	0	0	b3200	
lptE	1	0	0	0	0	NA	
mrdB	1	0	0	0	0	b0634	
mreC	1	0	0	0	0	b3250	
mreD	1	0	0	0	0	b3249	
msbA	1	0	0	0	0	b0914	ABC transporters +AC0- Escherichia coli K+AC0-12 MG1655
mukB	1	0	0	0	0	b0924	
mukE	1	0	0	0	0	b0923	
mukF	1	0	0	0	0	b0922	
nadD	1	0	0	0	0	b0639	Nicotinate and nicotinamide metabolism +AC0- Escherichia coli K+AC0-12 MG1655 / Metabolic pathways +AC0- Escherichia coli K+AC0-12 MG1655
nadE	1	0	0	0	0	b1740	Nicotinate and nicotinamide metabolism +AC0- Escherichia coli K+AC0-12 MG1655 / Metabolic pathways +AC0- Escherichia coli K+AC0-12 MG1655
plsB	1	0	0	0	0	b4041	Glycerolipid metabolism +AC0- Escherichia coli K+AC0-12 MG1655 / Glycerophospholipid metabolism +AC0- Escherichia coli K+AC0-12 MG1655 / Metabolic pathways +AC0- Escherichia coli K+AC0-12 MG1655 / Biosynthesis of secondary metabolites +AC0- Escherichia coli K+AC0-12 MG1655
plsC	1	0	0	0	0	b3018	Glycerolipid metabolism +AC0- Escherichia coli K+AC0-12 MG1655 / Glycerophospholipid metabolism +AC0- Escherichia coli K+AC0-12 MG1655 / Metabolic pathways +AC0- Escherichia coli K+AC0-12 MG1655 / Biosynthesis of secondary metabolites +AC0- Escherichia coli K+AC0-12 MG1655
priA	1	0	0	0	0	b3935	Homologous recombination +AC0- Escherichia coli K+AC0-12 MG1655
psd	1	0	0	0	0	b4160	Glycerophospholipid metabolism +AC0- Escherichia coli K+AC0-12 MG1655 / Metabolic pathways +AC0- Escherichia coli K+AC0-12 MG1655 / Biosynthesis of secondary metabolites +AC0- Escherichia coli K+AC0-12 MG1655
pssA	1	0	0	0	0	b2585	Glycine, serine and threonine metabolism +AC0- Escherichia coli K+AC0-12 MG1655 / Glycerophospholipid metabolism +AC0- Escherichia coli K+AC0-12 MG1655 / Metabolic pathways +AC0- Escherichia coli K+AC0-12 MG1655 / Biosynthesis of secondary metabolites +AC0- Escherichia coli K+AC0-12 MG1655
rnpA	1	0	0	0	0	b3704	
rplY	1	0	0	0	0	b2185	Ribosome +AC0- Escherichia coli K+AC0-12 MG1655
rpmH	1	0	0	0	0	b3703	Ribosome +AC0- Escherichia coli K+AC0-12 MG1655
rpsT	1	0	0	0	0	b0023	Ribosome +AC0- Escherichia coli K+AC0-12 MG1655
secF	1	0	0	0	0	b0409	Protein export +AC0- Escherichia coli K+AC0-12 MG1655 / Bacterial secretion system +AC0- Escherichia coli K+AC0-12 MG1655
thyA	1	0	0	0	0	b2827	Pyrimidine metabolism +AC0- Escherichia coli K+AC0-12 MG1655 / One carbon pool by folate +AC0- Escherichia coli K+AC0-12 MG1655 / Metabolic pathways +AC0- Escherichia coli K+AC0-12 MG1655
topA	1	0	0	0	0	b1274	
ubiA	1	0	0	0	0	b4040	Ubiquinone and other terpenoid+AC0-quinone biosynthesis +AC0- Escherichia coli K+AC0-12 MG1655 / Metabolic pathways +AC0- Escherichia coli K+AC0-12 MG1655 / Biosynthesis of secondary metabolites +AC0- Escherichia coli K+AC0-12 MG1655
ubiB	1	0	0	0	0	b3835	
ubiD	1	0	0	0	0	b3843	Ubiquinone and other terpenoid+AC0-quinone biosynthesis +AC0- Escherichia coli K+AC0-12 MG1655 / Metabolic pathways +AC0- Escherichia coli K+AC0-12 MG1655 / Biosynthesis of secondary metabolites +AC0- Escherichia coli K+AC0-12 MG1655
ubiE	1	0	0	0	0	b3833	Ubiquinone and other terpenoid+AC0-quinone biosynthesis +AC0- Escherichia coli K+AC0-12 MG1655 / Metabolic pathways +AC0- Escherichia coli K+AC0-12 MG1655 / Biosynthesis of secondary metabolites +AC0- Escherichia coli K+AC0-12 MG1655
iscS	0	1	1	1	0	b2530	Thiamine metabolism +AC0- Escherichia coli K+AC0-12 MG1655 / Metabolic pathways +AC0- Escherichia coli K+AC0-12 MG1655 / Sulfur relay system +AC0- Escherichia coli K+AC0-12 MG1655
rpsI	0	1	1	0	1	b3230	Ribosome +AC0- Escherichia coli K+AC0-12 MG1655
nrdA	0	1	1	0	0	b2234	Purine metabolism +AC0- Escherichia coli K+AC0-12 MG1655 / Pyrimidine metabolism +AC0- Escherichia coli K+AC0-12 MG1655 / Metabolic pathways +AC0- Escherichia coli K+AC0-12 MG1655
purB	0	1	1	0	0	b1131	Purine metabolism +AC0- Escherichia coli K+AC0-12 MG1655 / Alanine, aspartate and glutamate metabolism +AC0- Escherichia coli K+AC0-12 MG1655 / Metabolic pathways +AC0- Escherichia coli K+AC0-12 MG1655 / Biosynthesis of secondary metabolites +AC0- Escherichia coli K+AC0-12 MG1655 / Biosynthesis of antibiotics +AC0- Escherichia coli K+AC0-12 MG1655
08EMG	0	1	0	0	0	NA	
aceE	0	1	0	0	0	b0114	Glycolysis / Gluconeogenesis +AC0- Escherichia coli K+AC0-12 MG1655 / Citrate cycle (TCA cycle) +AC0- Escherichia coli K+AC0-12 MG1655 / Pyruvate metabolism +AC0- Escherichia coli K+AC0-12 MG1655 / Metabolic pathways +AC0- Escherichia coli K+AC0-12 MG1655 / Biosynthesis of secondary metabolites +AC0- Escherichia coli K+AC0-12 MG1655 / Microbial metabolism in diverse environments +AC0- Escherichia coli K+AC0-12 MG1655 / Biosynthesis of antibiotics +AC0- Escherichia coli K+AC0-12 MG1655 / Carbon metabolism +AC0- Escherichia coli K+AC0-12 MG1655
aceF	0	1	0	0	0	b0115	Glycolysis / Gluconeogenesis +AC0- Escherichia coli K+AC0-12 MG1655 / Citrate cycle (TCA cycle) +AC0- Escherichia coli K+AC0-12 MG1655 / Pyruvate metabolism +AC0- Escherichia coli K+AC0-12 MG1655 / Metabolic pathways +AC0- Escherichia coli K+AC0-12 MG1655 / Biosynthesis of secondary metabolites +AC0- Escherichia coli K+AC0-12 MG1655 / Microbial metabolism in diverse environments +AC0- Escherichia coli K+AC0-12 MG1655 / Biosynthesis of antibiotics +AC0- Escherichia coli K+AC0-12 MG1655 / Carbon metabolism +AC0- Escherichia coli K+AC0-12 MG1655
ackA	0	1	0	0	0	b3115	Propanoate metabolism +AC0- Escherichia coli K+AC0-12 MG1655 / Metabolic pathways +AC0- Escherichia coli K+AC0-12 MG1655
ahpC	0	1	0	0	0	NA	
apaH	0	1	0	0	0	b0049	Purine metabolism +AC0- Escherichia coli K+AC0-12 MG1655
aroA	0	1	0	0	0	b0908	Phenylalanine, tyrosine and tryptophan biosynthesis +AC0- Escherichia coli K+AC0-12 MG1655 / Metabolic pathways +AC0- Escherichia coli K+AC0-12 MG1655 / Biosynthesis of secondary metabolites +AC0- Escherichia coli K+AC0-12 MG1655 / Biosynthesis of antibiotics +AC0- Escherichia coli K+AC0-12 MG1655 / Biosynthesis of amino acids +AC0- Escherichia coli K+AC0-12 MG1655
aroB	0	1	0	0	0	b3389	Phenylalanine, tyrosine and tryptophan biosynthesis +AC0- Escherichia coli K+AC0-12 MG1655 / Metabolic pathways +AC0- Escherichia coli K+AC0-12 MG1655 / Biosynthesis of secondary metabolites +AC0- Escherichia coli K+AC0-12 MG1655 / Biosynthesis of antibiotics +AC0- Escherichia coli K+AC0-12 MG1655 / Biosynthesis of amino acids +AC0- Escherichia coli K+AC0-12 MG1655
aroC	0	1	0	0	0	b2329	Phenylalanine, tyrosine and tryptophan biosynthesis +AC0- Escherichia coli K+AC0-12 MG1655 / Metabolic pathways +AC0- Escherichia coli K+AC0-12 MG1655 / Biosynthesis of secondary metabolites +AC0- Escherichia coli K+AC0-12 MG1655 / Biosynthesis of antibiotics +AC0- Escherichia coli K+AC0-12 MG1655 / Biosynthesis of amino acids +AC0- Escherichia coli K+AC0-12 MG1655
aroE	0	1	0	0	0	b3281	Phenylalanine, tyrosine and tryptophan biosynthesis +AC0- Escherichia coli K+AC0-12 MG1655 / Metabolic pathways +AC0- Escherichia coli K+AC0-12 MG1655 / Biosynthesis of secondary metabolites +AC0- Escherichia coli K+AC0-12 MG1655 / Biosynthesis of antibiotics +AC0- Escherichia coli K+AC0-12 MG1655 / Biosynthesis of amino acids +AC0- Escherichia coli K+AC0-12 MG1655
aroK	0	1	0	0	0	b3390	Phenylalanine, tyrosine and tryptophan biosynthesis +AC0- Escherichia coli K+AC0-12 MG1655 / Metabolic pathways +AC0- Escherichia coli K+AC0-12 MG1655 / Biosynthesis of secondary metabolites +AC0- Escherichia coli K+AC0-12 MG1655 / Biosynthesis of antibiotics +AC0- Escherichia coli K+AC0-12 MG1655 / Biosynthesis of amino acids +AC0- Escherichia coli K+AC0-12 MG1655
aroQ	0	1	0	0	0	NA	
atpA	0	1	0	0	0	b3734	Oxidative phosphorylation +AC0- Escherichia coli K+AC0-12 MG1655 / Metabolic pathways +AC0- Escherichia coli K+AC0-12 MG1655
atpB	0	1	0	0	0	b3738	Oxidative phosphorylation +AC0- Escherichia coli K+AC0-12 MG1655 / Metabolic pathways +AC0- Escherichia coli K+AC0-12 MG1655
atpC	0	1	0	0	0	b3731	Oxidative phosphorylation +AC0- Escherichia coli K+AC0-12 MG1655 / Metabolic pathways +AC0- Escherichia coli K+AC0-12 MG1655
atpD	0	1	0	0	0	b3732	Oxidative phosphorylation +AC0- Escherichia coli K+AC0-12 MG1655 / Metabolic pathways +AC0- Escherichia coli K+AC0-12 MG1655
atpE	0	1	0	0	0	b3737	Oxidative phosphorylation +AC0- Escherichia coli K+AC0-12 MG1655 / Metabolic pathways +AC0- Escherichia coli K+AC0-12 MG1655
atpF	0	1	0	0	0	b3736	Oxidative phosphorylation +AC0- Escherichia coli K+AC0-12 MG1655 / Metabolic pathways +AC0- Escherichia coli K+AC0-12 MG1655
atpG	0	1	0	0	0	b3733	Oxidative phosphorylation +AC0- Escherichia coli K+AC0-12 MG1655 / Metabolic pathways +AC0- Escherichia coli K+AC0-12 MG1655
atpH	0	1	0	0	0	b3735	Oxidative phosphorylation +AC0- Escherichia coli K+AC0-12 MG1655 / Metabolic pathways +AC0- Escherichia coli K+AC0-12 MG1655
carA	0	1	0	0	0	b0032	Pyrimidine metabolism +AC0- Escherichia coli K+AC0-12 MG1655 / Alanine, aspartate and glutamate metabolism +AC0- Escherichia coli K+AC0-12 MG1655 / Metabolic pathways +AC0- Escherichia coli K+AC0-12 MG1655
carB	0	1	0	0	0	b0033	Pyrimidine metabolism +AC0- Escherichia coli K+AC0-12 MG1655 / Alanine, aspartate and glutamate metabolism +AC0- Escherichia coli K+AC0-12 MG1655 / Metabolic pathways +AC0- Escherichia coli K+AC0-12 MG1655
clpP	0	1	0	0	0	b0437	
clpX	0	1	0	0	0	b0438	
cls	0	1	0	0	0	b1249	Glycerophospholipid metabolism +AC0- Escherichia coli K+AC0-12 MG1655 / Metabolic pathways +AC0- Escherichia coli K+AC0-12 MG1655
csrA	0	1	0	0	0	b2696	Two+AC0-component system +AC0- Escherichia coli K+AC0-12 MG1655
cyoA	0	1	0	0	0	b0432	Oxidative phosphorylation +AC0- Escherichia coli K+AC0-12 MG1655 / Metabolic pathways +AC0- Escherichia coli K+AC0-12 MG1655
cyoB	0	1	0	0	0	b0431	Oxidative phosphorylation +AC0- Escherichia coli K+AC0-12 MG1655 / Metabolic pathways +AC0- Escherichia coli K+AC0-12 MG1655
cyoC	0	1	0	0	0	b0430	Oxidative phosphorylation +AC0- Escherichia coli K+AC0-12 MG1655 / Metabolic pathways +AC0- Escherichia coli K+AC0-12 MG1655
cyoE	0	1	0	0	0	b0428	Oxidative phosphorylation +AC0- Escherichia coli K+AC0-12 MG1655 / Porphyrin and chlorophyll metabolism +AC0- Escherichia coli K+AC0-12 MG1655 / Metabolic pathways +AC0- Escherichia coli K+AC0-12 MG1655 / Biosynthesis of secondary metabolites +AC0- Escherichia coli K+AC0-12 MG1655
cysE	0	1	0	0	0	b3607	Cysteine and methionine metabolism +AC0- Escherichia coli K+AC0-12 MG1655 / Sulfur metabolism +AC0- Escherichia coli K+AC0-12 MG1655 / Metabolic pathways +AC0- Escherichia coli K+AC0-12 MG1655 / Biosynthesis of secondary metabolites +AC0- Escherichia coli K+AC0-12 MG1655 / Microbial metabolism in diverse environments +AC0- Escherichia coli K+AC0-12 MG1655 / Carbon metabolism +AC0- Escherichia coli K+AC0-12 MG1655 / Biosynthesis of amino acids +AC0- Escherichia coli K+AC0-12 MG1655
dapF	0	1	0	0	0	b3809	Lysine biosynthesis +AC0- Escherichia coli K+AC0-12 MG1655 / Metabolic pathways +AC0- Escherichia coli K+AC0-12 MG1655 / Biosynthesis of secondary metabolites +AC0- Escherichia coli K+AC0-12 MG1655 / Microbial metabolism in diverse environments +AC0- Escherichia coli K+AC0-12 MG1655 / Biosynthesis of antibiotics +AC0- Escherichia coli K+AC0-12 MG1655 / Biosynthesis of amino acids +AC0- Escherichia coli K+AC0-12 MG1655
deaD	0	1	0	0	0	b3162	RNA degradation +AC0- Escherichia coli K+AC0-12 MG1655
dksA	0	1	0	0	0	b0145	
dnaJ	0	1	0	0	0	b0015	
dnaK	0	1	0	0	0	b0014	RNA degradation +AC0- Escherichia coli K+AC0-12 MG1655
dnaQ	0	1	0	0	0	b0215	Purine metabolism +AC0- Escherichia coli K+AC0-12 MG1655 / Pyrimidine metabolism +AC0- Escherichia coli K+AC0-12 MG1655 / Metabolic pathways +AC0- Escherichia coli K+AC0-12 MG1655 / DNA replication +AC0- Escherichia coli K+AC0-12 MG1655 / Mismatch repair +AC0- Escherichia coli K+AC0-12 MG1655 / Homologous recombination +AC0- Escherichia coli K+AC0-12 MG1655
efp	0	1	0	0	0	b4147	
folA	0	1	0	0	0	b0048	One carbon pool by folate +AC0- Escherichia coli K+AC0-12 MG1655 / Folate biosynthesis +AC0- Escherichia coli K+AC0-12 MG1655 / Metabolic pathways +AC0- Escherichia coli K+AC0-12 MG1655
fpr	0	1	0	0	0	b3924	
gloB	0	1	0	0	0	b0212	Pyruvate metabolism +AC0- Escherichia coli K+AC0-12 MG1655
glyA	0	1	0	0	0	b2551	Glycine, serine and threonine metabolism +AC0- Escherichia coli K+AC0-12 MG1655 / Cyanoamino acid metabolism +AC0- Escherichia coli K+AC0-12 MG1655 / Glyoxylate and dicarboxylate metabolism +AC0- Escherichia coli K+AC0-12 MG1655 / One carbon pool by folate +AC0- Escherichia coli K+AC0-12 MG1655 / Methane metabolism +AC0- Escherichia coli K+AC0-12 MG1655 / Metabolic pathways +AC0- Escherichia coli K+AC0-12 MG1655 / Biosynthesis of secondary metabolites +AC0- Escherichia coli K+AC0-12 MG1655 / Microbial metabolism in diverse environments +AC0- Escherichia coli K+AC0-12 MG1655 / Biosynthesis of antibiotics +AC0- Escherichia coli K+AC0-12 MG1655 / Carbon metabolism +AC0- Escherichia coli K+AC0-12 MG1655 / Biosynthesis of amino acids +AC0- Escherichia coli K+AC0-12 MG1655
gnd	0	1	0	0	0	b2029	Pentose phosphate pathway +AC0- Escherichia coli K+AC0-12 MG1655 / Glutathione metabolism +AC0- Escherichia coli K+AC0-12 MG1655 / Metabolic pathways +AC0- Escherichia coli K+AC0-12 MG1655 / Biosynthesis of secondary metabolites +AC0- Escherichia coli K+AC0-12 MG1655 / Microbial metabolism in diverse environments +AC0- Escherichia coli K+AC0-12 MG1655 / Biosynthesis of antibiotics +AC0- Escherichia coli K+AC0-12 MG1655 / Carbon metabolism +AC0- Escherichia coli K+AC0-12 MG1655
gpmA	0	1	0	0	0	b0755	Glycolysis / Gluconeogenesis +AC0- Escherichia coli K+AC0-12 MG1655 / Glycine, serine and threonine metabolism +AC0- Escherichia coli K+AC0-12 MG1655 / Methane metabolism +AC0- Escherichia coli K+AC0-12 MG1655 / Metabolic pathways +AC0- Escherichia coli K+AC0-12 MG1655 / Biosynthesis of secondary metabolites +AC0- Escherichia coli K+AC0-12 MG1655 / Microbial metabolism in diverse environments +AC0- Escherichia coli K+AC0-12 MG1655 / Biosynthesis of antibiotics +AC0- Escherichia coli K+AC0-12 MG1655 / Carbon metabolism +AC0- Escherichia coli K+AC0-12 MG1655 / Biosynthesis of amino acids +AC0- Escherichia coli K+AC0-12 MG1655
greA	0	1	0	0	0	b3181	
grpE	0	1	0	0	0	b2614	
grxD	0	1	0	0	0	b1654	
hflC	0	1	0	0	0	b4175	
hflK	0	1	0	0	0	b4174	
hinT	0	1	0	0	0	b1103	
hisA	0	1	0	0	0	b2024	Histidine metabolism +AC0- Escherichia coli K+AC0-12 MG1655 / Metabolic pathways +AC0- Escherichia coli K+AC0-12 MG1655 / Biosynthesis of secondary metabolites +AC0- Escherichia coli K+AC0-12 MG1655 / Biosynthesis of amino acids +AC0- Escherichia coli K+AC0-12 MG1655
hisB	0	1	0	0	0	b2022	Histidine metabolism +AC0- Escherichia coli K+AC0-12 MG1655 / Metabolic pathways +AC0- Escherichia coli K+AC0-12 MG1655 / Biosynthesis of secondary metabolites +AC0- Escherichia coli K+AC0-12 MG1655 / Biosynthesis of amino acids +AC0- Escherichia coli K+AC0-12 MG1655
hisF	0	1	0	0	0	b2025	Histidine metabolism +AC0- Escherichia coli K+AC0-12 MG1655 / Metabolic pathways +AC0- Escherichia coli K+AC0-12 MG1655 / Biosynthesis of secondary metabolites +AC0- Escherichia coli K+AC0-12 MG1655 / Biosynthesis of amino acids +AC0- Escherichia coli K+AC0-12 MG1655
hisG	0	1	0	0	0	b2019	Histidine metabolism +AC0- Escherichia coli K+AC0-12 MG1655 / Metabolic pathways +AC0- Escherichia coli K+AC0-12 MG1655 / Biosynthesis of secondary metabolites +AC0- Escherichia coli K+AC0-12 MG1655 / Biosynthesis of amino acids +AC0- Escherichia coli K+AC0-12 MG1655
hisH	0	1	0	0	0	b2023	Histidine metabolism +AC0- Escherichia coli K+AC0-12 MG1655 / Metabolic pathways +AC0- Escherichia coli K+AC0-12 MG1655 / Biosynthesis of secondary metabolites +AC0- Escherichia coli K+AC0-12 MG1655 / Biosynthesis of amino acids +AC0- Escherichia coli K+AC0-12 MG1655
htpX	0	1	0	0	0	b1829	
iscA	0	1	0	0	0	b2528	
lon	0	1	0	0	0	b0439	
lpdA	0	1	0	0	0	b0116	Glycolysis / Gluconeogenesis +AC0- Escherichia coli K+AC0-12 MG1655 / Citrate cycle (TCA cycle) +AC0- Escherichia coli K+AC0-12 MG1655 / Glycine, serine and threonine metabolism +AC0- Escherichia coli K+AC0-12 MG1655 / Valine, leucine and isoleucine degradation +AC0- Escherichia coli K+AC0-12 MG1655 / Pyruvate metabolism +AC0- Escherichia coli K+AC0-12 MG1655 / Glyoxylate and dicarboxylate metabolism +AC0- Escherichia coli K+AC0-12 MG1655 / Propanoate metabolism +AC0- Escherichia coli K+AC0-12 MG1655 / Metabolic pathways +AC0- Escherichia coli K+AC0-12 MG1655 / Biosynthesis of secondary metabolites +AC0- Escherichia coli K+AC0-12 MG1655 / Microbial metabolism in diverse environments +AC0- Escherichia coli K+AC0-12 MG1655 / Biosynthesis of antibiotics +AC0- Escherichia coli K+AC0-12 MG1655 / Carbon metabolism +AC0- Escherichia coli K+AC0-12 MG1655
metE	0	1	0	0	0	b3829	Cysteine and methionine metabolism +AC0- Escherichia coli K+AC0-12 MG1655 / Selenocompound metabolism +AC0- Escherichia coli K+AC0-12 MG1655 / Metabolic pathways +AC0- Escherichia coli K+AC0-12 MG1655 / Biosynthesis of secondary metabolites +AC0- Escherichia coli K+AC0-12 MG1655 / Biosynthesis of amino acids +AC0- Escherichia coli K+AC0-12 MG1655
miaA	0	1	0	0	0	b4171	Metabolic pathways +AC0- Escherichia coli K+AC0-12 MG1655 / Biosynthesis of secondary metabolites +AC0- Escherichia coli K+AC0-12 MG1655
minC	0	1	0	0	0	b1176	
minD	0	1	0	0	0	b1175	
mnmA	0	1	0	0	0	b1133	Sulfur relay system +AC0- Escherichia coli K+AC0-12 MG1655
mnmE	0	1	0	0	0	b3706	
mnmG	0	1	0	0	0	b3741	
nfuA	0	1	0	0	0	b3414	
nth	0	1	0	0	0	b1633	Base excision repair +AC0- Escherichia coli K+AC0-12 MG1655
nuoA	0	1	0	0	0	b2288	Oxidative phosphorylation +AC0- Escherichia coli K+AC0-12 MG1655 / Metabolic pathways +AC0- Escherichia coli K+AC0-12 MG1655
nuoB	0	1	0	0	0	b2287	Oxidative phosphorylation +AC0- Escherichia coli K+AC0-12 MG1655 / Metabolic pathways +AC0- Escherichia coli K+AC0-12 MG1655
nuoC	0	1	0	0	0	b2286	Oxidative phosphorylation +AC0- Escherichia coli K+AC0-12 MG1655 / Metabolic pathways +AC0- Escherichia coli K+AC0-12 MG1655
nuoF	0	1	0	0	0	b2284	Oxidative phosphorylation +AC0- Escherichia coli K+AC0-12 MG1655 / Metabolic pathways +AC0- Escherichia coli K+AC0-12 MG1655
nuoG	0	1	0	0	0	b2283	Oxidative phosphorylation +AC0- Escherichia coli K+AC0-12 MG1655 / Metabolic pathways +AC0- Escherichia coli K+AC0-12 MG1655
nuoH	0	1	0	0	0	b2282	Oxidative phosphorylation +AC0- Escherichia coli K+AC0-12 MG1655 / Metabolic pathways +AC0- Escherichia coli K+AC0-12 MG1655
nuoI	0	1	0	0	0	b2281	Oxidative phosphorylation +AC0- Escherichia coli K+AC0-12 MG1655 / Metabolic pathways +AC0- Escherichia coli K+AC0-12 MG1655
nuoJ	0	1	0	0	0	b2280	Oxidative phosphorylation +AC0- Escherichia coli K+AC0-12 MG1655 / Metabolic pathways +AC0- Escherichia coli K+AC0-12 MG1655
nuoK	0	1	0	0	0	b2279	Oxidative phosphorylation +AC0- Escherichia coli K+AC0-12 MG1655 / Metabolic pathways +AC0- Escherichia coli K+AC0-12 MG1655
nuoL	0	1	0	0	0	b2278	Oxidative phosphorylation +AC0- Escherichia coli K+AC0-12 MG1655 / Metabolic pathways +AC0- Escherichia coli K+AC0-12 MG1655
nuoM	0	1	0	0	0	b2277	Oxidative phosphorylation +AC0- Escherichia coli K+AC0-12 MG1655 / Metabolic pathways +AC0- Escherichia coli K+AC0-12 MG1655
nuoN	0	1	0	0	0	b2276	Oxidative phosphorylation +AC0- Escherichia coli K+AC0-12 MG1655 / Metabolic pathways +AC0- Escherichia coli K+AC0-12 MG1655
orn	0	1	0	0	0	b4162	
pepA	0	1	0	0	0	b4260	Glutathione metabolism +AC0- Escherichia coli K+AC0-12 MG1655 / Metabolic pathways +AC0- Escherichia coli K+AC0-12 MG1655
pfkA	0	1	0	0	0	b3916	Glycolysis / Gluconeogenesis +AC0- Escherichia coli K+AC0-12 MG1655 / Pentose phosphate pathway +AC0- Escherichia coli K+AC0-12 MG1655 / Fructose and mannose metabolism +AC0- Escherichia coli K+AC0-12 MG1655 / Galactose metabolism +AC0- Escherichia coli K+AC0-12 MG1655 / Methane metabolism +AC0- Escherichia coli K+AC0-12 MG1655 / Metabolic pathways +AC0- Escherichia coli K+AC0-12 MG1655 / Biosynthesis of secondary metabolites +AC0- Escherichia coli K+AC0-12 MG1655 / Microbial metabolism in diverse environments +AC0- Escherichia coli K+AC0-12 MG1655 / Biosynthesis of antibiotics +AC0- Escherichia coli K+AC0-12 MG1655 / Carbon metabolism +AC0- Escherichia coli K+AC0-12 MG1655 / Biosynthesis of amino acids +AC0- Escherichia coli K+AC0-12 MG1655 / RNA degradation +AC0- Escherichia coli K+AC0-12 MG1655
pgi	0	1	0	0	0	b4025	Glycolysis / Gluconeogenesis +AC0- Escherichia coli K+AC0-12 MG1655 / Pentose phosphate pathway +AC0- Escherichia coli K+AC0-12 MG1655 / Starch and sucrose metabolism +AC0- Escherichia coli K+AC0-12 MG1655 / Amino sugar and nucleotide sugar metabolism +AC0- Escherichia coli K+AC0-12 MG1655 / Metabolic pathways +AC0- Escherichia coli K+AC0-12 MG1655 / Biosynthesis of secondary metabolites +AC0- Escherichia coli K+AC0-12 MG1655 / Microbial metabolism in diverse environments +AC0- Escherichia coli K+AC0-12 MG1655 / Biosynthesis of antibiotics +AC0- Escherichia coli K+AC0-12 MG1655 / Carbon metabolism +AC0- Escherichia coli K+AC0-12 MG1655
pgl	0	1	0	0	0	b0767	Pentose phosphate pathway +AC0- Escherichia coli K+AC0-12 MG1655 / Metabolic pathways +AC0- Escherichia coli K+AC0-12 MG1655 / Biosynthesis of secondary metabolites +AC0- Escherichia coli K+AC0-12 MG1655 / Microbial metabolism in diverse environments +AC0- Escherichia coli K+AC0-12 MG1655 / Biosynthesis of antibiotics +AC0- Escherichia coli K+AC0-12 MG1655 / Carbon metabolism +AC0- Escherichia coli K+AC0-12 MG1655
pitA	0	1	0	0	0	b3493	
pnp	0	1	0	0	0	b3164	Purine metabolism +AC0- Escherichia coli K+AC0-12 MG1655 / Pyrimidine metabolism +AC0- Escherichia coli K+AC0-12 MG1655 / RNA degradation +AC0- Escherichia coli K+AC0-12 MG1655
prmC	0	1	0	0	0	b1212	
ptsH	0	1	0	0	0	b2415	Phosphotransferase system (PTS) +AC0- Escherichia coli K+AC0-12 MG1655
ptsI	0	1	0	0	0	b2416	Phosphotransferase system (PTS) +AC0- Escherichia coli K+AC0-12 MG1655
purA	0	1	0	0	0	b4177	Purine metabolism +AC0- Escherichia coli K+AC0-12 MG1655 / Alanine, aspartate and glutamate metabolism +AC0- Escherichia coli K+AC0-12 MG1655 / Metabolic pathways +AC0- Escherichia coli K+AC0-12 MG1655
purH	0	1	0	0	0	b4006	Purine metabolism +AC0- Escherichia coli K+AC0-12 MG1655 / One carbon pool by folate +AC0- Escherichia coli K+AC0-12 MG1655 / Metabolic pathways +AC0- Escherichia coli K+AC0-12 MG1655 / Biosynthesis of secondary metabolites +AC0- Escherichia coli K+AC0-12 MG1655 / Biosynthesis of antibiotics +AC0- Escherichia coli K+AC0-12 MG1655
pykA	0	1	0	0	0	b1854	Glycolysis / Gluconeogenesis +AC0- Escherichia coli K+AC0-12 MG1655 / Purine metabolism +AC0- Escherichia coli K+AC0-12 MG1655 / Pyruvate metabolism +AC0- Escherichia coli K+AC0-12 MG1655 / Metabolic pathways +AC0- Escherichia coli K+AC0-12 MG1655 / Biosynthesis of secondary metabolites +AC0- Escherichia coli K+AC0-12 MG1655 / Microbial metabolism in diverse environments +AC0- Escherichia coli K+AC0-12 MG1655 / Biosynthesis of antibiotics +AC0- Escherichia coli K+AC0-12 MG1655 / Carbon metabolism +AC0- Escherichia coli K+AC0-12 MG1655 / Biosynthesis of amino acids +AC0- Escherichia coli K+AC0-12 MG1655
rbfA	0	1	0	0	0	b3167	
recB	0	1	0	0	0	b2820	Homologous recombination +AC0- Escherichia coli K+AC0-12 MG1655
recD	0	1	0	0	0	b2819	Homologous recombination +AC0- Escherichia coli K+AC0-12 MG1655
rlmE	0	1	0	0	0	b3179	
rlmN	0	1	0	0	0	b2517	
rluC	0	1	0	0	0	b1086	
rluD	0	1	0	0	0	b2594	
rnc	0	1	0	0	0	b2567	
rne	0	1	0	0	0	b1084	RNA degradation +AC0- Escherichia coli K+AC0-12 MG1655
rnt	0	1	0	0	0	b1652	
rpe	0	1	0	0	0	b3386	Pentose phosphate pathway +AC0- Escherichia coli K+AC0-12 MG1655 / Pentose and glucuronate interconversions +AC0- Escherichia coli K+AC0-12 MG1655 / Metabolic pathways +AC0- Escherichia coli K+AC0-12 MG1655 / Biosynthesis of secondary metabolites +AC0- Escherichia coli K+AC0-12 MG1655 / Microbial metabolism in diverse environments +AC0- Escherichia coli K+AC0-12 MG1655 / Biosynthesis of antibiotics +AC0- Escherichia coli K+AC0-12 MG1655 / Carbon metabolism +AC0- Escherichia coli K+AC0-12 MG1655 / Biosynthesis of amino acids +AC0- Escherichia coli K+AC0-12 MG1655
rpiA	0	1	0	0	0	b2914	Pentose phosphate pathway +AC0- Escherichia coli K+AC0-12 MG1655 / Metabolic pathways +AC0- Escherichia coli K+AC0-12 MG1655 / Biosynthesis of secondary metabolites +AC0- Escherichia coli K+AC0-12 MG1655 / Microbial metabolism in diverse environments +AC0- Escherichia coli K+AC0-12 MG1655 / Biosynthesis of antibiotics +AC0- Escherichia coli K+AC0-12 MG1655 / Carbon metabolism +AC0- Escherichia coli K+AC0-12 MG1655 / Biosynthesis of amino acids +AC0- Escherichia coli K+AC0-12 MG1655
rplA	0	1	0	0	0	b3984	Ribosome +AC0- Escherichia coli K+AC0-12 MG1655
rplI	0	1	0	0	0	b4203	Ribosome +AC0- Escherichia coli K+AC0-12 MG1655
rpmE	0	1	0	0	0	b3936	Ribosome +AC0- Escherichia coli K+AC0-12 MG1655
rpmF	0	1	0	0	0	b1089	Ribosome +AC0- Escherichia coli K+AC0-12 MG1655
rpmG	0	1	0	0	0	b3636	Ribosome +AC0- Escherichia coli K+AC0-12 MG1655
rpmI	0	1	0	0	0	b1717	Ribosome +AC0- Escherichia coli K+AC0-12 MG1655
rpmJ	0	1	0	0	0	b3299	Ribosome +AC0- Escherichia coli K+AC0-12 MG1655
rpsO	0	1	0	0	0	b3165	Ribosome +AC0- Escherichia coli K+AC0-12 MG1655
rsmA	0	1	0	0	0	b0051	
rsmD	0	1	0	0	0	b3465	
rsmH	0	1	0	0	0	b0082	
serC	0	1	0	0	0	b0907	Glycine, serine and threonine metabolism +AC0- Escherichia coli K+AC0-12 MG1655 / Methane metabolism +AC0- Escherichia coli K+AC0-12 MG1655 / Vitamin B6 metabolism +AC0- Escherichia coli K+AC0-12 MG1655 / Metabolic pathways +AC0- Escherichia coli K+AC0-12 MG1655 / Microbial metabolism in diverse environments +AC0- Escherichia coli K+AC0-12 MG1655 / Biosynthesis of antibiotics +AC0- Escherichia coli K+AC0-12 MG1655 / Carbon metabolism +AC0- Escherichia coli K+AC0-12 MG1655 / Biosynthesis of amino acids +AC0- Escherichia coli K+AC0-12 MG1655
smpB	0	1	0	0	0	b2620	
sodB	0	1	0	0	0	b1656	
sucA	0	1	0	0	0	b0726	Citrate cycle (TCA cycle) +AC0- Escherichia coli K+AC0-12 MG1655 / Lysine degradation +AC0- Escherichia coli K+AC0-12 MG1655 / Tryptophan metabolism +AC0- Escherichia coli K+AC0-12 MG1655 / Metabolic pathways +AC0- Escherichia coli K+AC0-12 MG1655 / Biosynthesis of secondary metabolites +AC0- Escherichia coli K+AC0-12 MG1655 / Microbial metabolism in diverse environments +AC0- Escherichia coli K+AC0-12 MG1655 / Biosynthesis of antibiotics +AC0- Escherichia coli K+AC0-12 MG1655 / Carbon metabolism +AC0- Escherichia coli K+AC0-12 MG1655
sucB	0	1	0	0	0	b0727	Citrate cycle (TCA cycle) +AC0- Escherichia coli K+AC0-12 MG1655 / Lysine degradation +AC0- Escherichia coli K+AC0-12 MG1655 / Metabolic pathways +AC0- Escherichia coli K+AC0-12 MG1655 / Biosynthesis of secondary metabolites +AC0- Escherichia coli K+AC0-12 MG1655 / Microbial metabolism in diverse environments +AC0- Escherichia coli K+AC0-12 MG1655 / Biosynthesis of antibiotics +AC0- Escherichia coli K+AC0-12 MG1655 / Carbon metabolism +AC0- Escherichia coli K+AC0-12 MG1655
surA	0	1	0	0	0	b0053	
tal	0	1	0	0	0	b0008	Pentose phosphate pathway +AC0- Escherichia coli K+AC0-12 MG1655 / Metabolic pathways +AC0- Escherichia coli K+AC0-12 MG1655 / Biosynthesis of secondary metabolites +AC0- Escherichia coli K+AC0-12 MG1655 / Microbial metabolism in diverse environments +AC0- Escherichia coli K+AC0-12 MG1655 / Biosynthesis of antibiotics +AC0- Escherichia coli K+AC0-12 MG1655 / Carbon metabolism +AC0- Escherichia coli K+AC0-12 MG1655 / Biosynthesis of amino acids +AC0- Escherichia coli K+AC0-12 MG1655
tktA	0	1	0	0	0	b2935	Pentose phosphate pathway +AC0- Escherichia coli K+AC0-12 MG1655 / Metabolic pathways +AC0- Escherichia coli K+AC0-12 MG1655 / Biosynthesis of secondary metabolites +AC0- Escherichia coli K+AC0-12 MG1655 / Microbial metabolism in diverse environments +AC0- Escherichia coli K+AC0-12 MG1655 / Biosynthesis of antibiotics +AC0- Escherichia coli K+AC0-12 MG1655 / Carbon metabolism +AC0- Escherichia coli K+AC0-12 MG1655 / Biosynthesis of amino acids +AC0- Escherichia coli K+AC0-12 MG1655
tpiA	0	1	0	0	0	b3919	Glycolysis / Gluconeogenesis +AC0- Escherichia coli K+AC0-12 MG1655 / Fructose and mannose metabolism +AC0- Escherichia coli K+AC0-12 MG1655 / Inositol phosphate metabolism +AC0- Escherichia coli K+AC0-12 MG1655 / Metabolic pathways +AC0- Escherichia coli K+AC0-12 MG1655 / Biosynthesis of secondary metabolites +AC0- Escherichia coli K+AC0-12 MG1655 / Microbial metabolism in diverse environments +AC0- Escherichia coli K+AC0-12 MG1655 / Biosynthesis of antibiotics +AC0- Escherichia coli K+AC0-12 MG1655 / Carbon metabolism +AC0- Escherichia coli K+AC0-12 MG1655 / Biosynthesis of amino acids +AC0- Escherichia coli K+AC0-12 MG1655
trpS	0	1	0	0	0	b3384	Aminoacyl+AC0-tRNA biosynthesis +AC0- Escherichia coli K+AC0-12 MG1655
truA	0	1	0	0	0	b2318	
truB	0	1	0	0	0	b3166	
trxA	0	1	0	0	0	b3781	
trxB	0	1	0	0	0	b0888	Pyrimidine metabolism +AC0- Escherichia coli K+AC0-12 MG1655 / Selenocompound metabolism +AC0- Escherichia coli K+AC0-12 MG1655
tuf	0	1	0	0	0	b3980	
tusE	0	1	0	0	0	b0969	Sulfur relay system +AC0- Escherichia coli K+AC0-12 MG1655
ung	0	1	0	0	0	b2580	Base excision repair +AC0- Escherichia coli K+AC0-12 MG1655
yajC	0	1	0	0	0	b0407	Quorum sensing +AC0- Escherichia coli K+AC0-12 MG1655 / Protein export +AC0- Escherichia coli K+AC0-12 MG1655 / Bacterial secretion system +AC0- Escherichia coli K+AC0-12 MG1655
yajR	0	1	0	0	0	b0427	
ycfH	0	1	0	0	0	b1100	
ychF	0	1	0	0	0	b1203	
ygfZ	0	1	0	0	0	b2898	
yggX	0	1	0	0	0	b2962	
yhgN	0	1	0	0	0	b3434	
yibN	0	1	0	0	0	b3611	
yjgF	0	1	0	0	0	NA	
yrbA	0	1	0	0	0	b3190	
zwf	0	1	0	0	0	b1852	Pentose phosphate pathway +AC0- Escherichia coli K+AC0-12 MG1655 / Glutathione metabolism +AC0- Escherichia coli K+AC0-12 MG1655 / Metabolic pathways +AC0- Escherichia coli K+AC0-12 MG1655 / Biosynthesis of secondary metabolites +AC0- Escherichia coli K+AC0-12 MG1655 / Microbial metabolism in diverse environments +AC0- Escherichia coli K+AC0-12 MG1655 / Biosynthesis of antibiotics +AC0- Escherichia coli K+AC0-12 MG1655 / Carbon metabolism +AC0- Escherichia coli K+AC0-12 MG1655
ubiG	0	0	1	1	0	b2232	Ubiquinone and other terpenoid+AC0-quinone biosynthesis +AC0- Escherichia coli K+AC0-12 MG1655 / Metabolic pathways +AC0- Escherichia coli K+AC0-12 MG1655 / Biosynthesis of secondary metabolites +AC0- Escherichia coli K+AC0-12 MG1655
hemL	0	0	1	0	0	b0154	Porphyrin and chlorophyll metabolism +AC0- Escherichia coli K+AC0-12 MG1655 / Metabolic pathways +AC0- Escherichia coli K+AC0-12 MG1655 / Biosynthesis of secondary metabolites +AC0- Escherichia coli K+AC0-12 MG1655
