gene_id	gene_name	gene_function	path_name	No_essential_homologs
b0014	DNAK	Acts as a chaperone (By similarity)	NA	45
b0023	RPST	Binds directly to 16S ribosomal RNA (By similarity)	Ribosome, bacteria	18
b0025	RIBF	riboflavin biosynthesis protein ribF	Riboflavin biosynthesis, GTP => riboflavin/FMN/FAD	27
b0026	ILES	amino acids such as valine, to avoid such errors it has two additional distinct tRNA(Ile)-dependent editing activities. One activity is designated as 'pretransfer' editing and involves the hydrolysis of activated Val-AMP. The other activity is designated 'posttransfer' editing and involves deacylation of mischarged Val-tRNA(Ile) (By similarity)	Aminoacyl-tRNA biosynthesis, prokaryotes	90
b0027	LSPA	This protein specifically catalyzes the removal of signal peptides from prolipoproteins (By similarity)	NA	15
b0029	ISPH	Converts 1-hydroxy-2-methyl-2-(E)-butenyl 4-diphosphate into isopentenyl diphosphate (IPP) and dimethylallyl diphosphate (DMAPP) (By similarity)	C5 isoprenoid biosynthesis, non-mevalonate pathway	20
b0031	DAPB	Catalyzes the conversion of 4-hydroxy- tetrahydrodipicolinate (HTPA) to tetrahydrodipicolinate (By similarity)	Lysine biosynthesis, succinyl-DAP pathway, aspartate => lysine	21
b0048	FOLA	Key enzyme in folate metabolism. Catalyzes an essential reaction for de novo glycine and purine synthesis, and for DNA precursor synthesis (By similarity)	Tetrahydrofolate biosynthesis, GTP => THF	26
b0054	LPTD	involved in the assembly of LPS in the outer leaflet of the outer membrane. Determines N-hexane tolerance and is involved in outer membrane permeability. Essential for envelope biogenesis (By similarity)	NA	13
b0083	FTSL	Essential cell division protein. May link together the upstream cell division proteins, which are predominantly cytoplasmic, with the downstream cell division proteins, which are predominantly periplasmic (By similarity)	NA	3
b0084	FTSI	peptidoglycan synthetase ftsI	NA	44
b0085	MURE	Catalyzes the addition of meso-diaminopimelic acid to the nucleotide precursor UDP-N-acetylmuramoyl-L-alanyl-D-glutamate (UMAG) in the biosynthesis of bacterial cell-wall peptidoglycan (By similarity)	NA	28
b0086	MURF	Involved in cell wall formation. Catalyzes the final step in the synthesis of UDP-N-acetylmuramoyl-pentapeptide, the precursor of murein (By similarity)	NA	72
b0087	MRAY	First step of the lipid cycle reactions in the biosynthesis of the cell wall peptidoglycan (By similarity)	NA	33
b0088	MURD	Cell wall formation. Catalyzes the addition of glutamate to the nucleotide precursor UDP-N-acetylmuramoyl-L-alanine (UMA) (By similarity)	NA	32
b0089	FTSW	Essential cell division protein. Transports lipid-linked peptidoglycan precursors from the inner to the outer leaflet of the cytoplasmic membrane (By similarity)	NA	44
b0090	MURG	Cell wall formation. Catalyzes the transfer of a GlcNAc subunit on undecaprenyl-pyrophosphoryl-MurNAc-pentapeptide (lipid intermediate I) to form undecaprenyl-pyrophosphoryl-MurNAc- (pentapeptide)GlcNAc (lipid intermediate II) (By similarity)	NA	32
b0091	MURC	Cell wall formation (By similarity)	NA	44
b0093	FTSQ	Essential cell division protein. May link together the upstream cell division proteins, which are predominantly cytoplasmic, with the downstream cell division proteins, which are predominantly periplasmic. May control correct divisome assembly (By similarity)	NA	9
b0094	FTSA	This protein may be involved in anomalous filament growth. May be a component of the septum (By similarity)	NA	31
b0095	FTSZ	Essential cell division protein that forms a contractile ring structure (Z ring) at the future cell division site. The regulation of the ring assembly controls the timing and the location of cell division. One of the functions of the FtsZ ring is to recruit other cell division proteins to the septum to produce a new cell wall between the dividing cells. Binds GTP and shows GTPase activity (By similarity)	NA	31
b0096	LPXC	Involved in the biosynthesis of lipid A, a phosphorylated glycolipid that anchors the lipopolysaccharide to the outer membrane of the cell (By similarity)	Lipopolysaccharide biosynthesis, KDO2-lipid A	16
b0098	SECA	Part of the Sec protein translocase complex. Interacts with the SecYEG preprotein conducting channel. Has a central role in coupling the hydrolysis of ATP to the transfer of proteins into and across the cell membrane, serving both as a receptor for the preprotein-SecB complex and as an ATP-driven molecular motor driving the stepwise translocation of polypeptide chains across the membrane (By similarity)	Sec (secretion) system	29
b0103	COAE	Catalyzes the phosphorylation of the 3'-hydroxyl group of dephosphocoenzyme A to form coenzyme A (By similarity)	Coenzyme A biosynthesis, pantothenate => CoA	28
b0116	LPDA	dihydrolipoyl dehydrogenase	Citrate cycle (TCA cycle, Krebs cycle)/ Citrate cycle, second carbon oxidation, 2-oxoglutarate => oxaloacetate/ Pyruvate oxidation, pyruvate => acetyl-CoA	31
b0142	FOLK	2-amino-4-hydroxy-6-hydroxymethyldihydropteridine pyrophosphokinase	Tetrahydrofolate biosynthesis, GTP => THF	19
b0156	ERPA	Required for insertion of 4Fe-4S clusters for at least IspG (By similarity)	NA	16
b0166	DAPD	Tetrahydrodipicolinate N-succinyltransferase	Lysine biosynthesis, succinyl-DAP pathway, aspartate => lysine	12
b0168	MAP	Removes the N-terminal methionine from nascent proteins (By similarity)	NA	30
b0169	RPSB	30S ribosomal protein S2	Ribosome, bacteria	27
b0170	TSF	Associates with the EF-Tu.GDP complex and induces the exchange of GDP to GTP. It remains bound to the aminoacyl-tRNA.EF- Tu.GTP complex up to the GTP hydrolysis stage on the ribosome (By similarity)	NA	28
b0171	PYRH	Catalyzes the reversible phosphorylation of UMP to UDP (By similarity)	NA	30
b0172	FRR	Responsible for the release of ribosomes from messenger RNA at the termination of protein biosynthesis. May increase the efficiency of translation by recycling ribosomes from one round of translation to another (By similarity)	NA	32
b0173	DXR	Catalyzes the NADP-dependent rearrangement and reduction of 1-deoxy-D-xylulose-5-phosphate (DXP) to 2-C-methyl-D-erythritol 4-phosphate (MEP) (By similarity)	C5 isoprenoid biosynthesis, non-mevalonate pathway	23
b0174	UPPS	Catalyzes the sequential condensation of isopentenyl diphosphate (IPP) with (2E,6E)-farnesyl diphosphate (E,E-FPP) to yield (2Z,6Z,10Z,14Z,18Z,22Z,26Z,30Z,34E,38E)-undecaprenyl diphosphate (di-trans,octa-cis-UPP). UPP is the precursor of glycosyl carrier lipid in the biosynthesis of bacterial cell wall polysaccharide components such as peptidoglycan and lipopolysaccharide (By similarity)	NA	28
b0175		Phosphatidate cytidylyltransferase	Phosphatidylethanolamine (PE) biosynthesis, PA => PS => PE	29
b0177	BAMA	Part of the outer membrane protein assembly complex, which is involved in assembly and insertion of beta-barrel proteins into the outer membrane	NA	18
b0179	LPXD	as the acyl donor. Is involved in the biosynthesis of lipid A, a phosphorylated glycolipid that anchors the lipopolysaccharide to the outer membrane of the cell (By similarity)	Lipopolysaccharide biosynthesis, KDO2-lipid A	46
b0180	FABZ	Involved in unsaturated fatty acids biosynthesis. Catalyzes the dehydration of short chain beta-hydroxyacyl-ACPs and long chain saturated and unsaturated beta-hydroxyacyl-ACPs (By similarity)	Fatty acid biosynthesis, elongation/ Pimeloyl-ACP biosynthesis, BioC-BioH pathway, malonyl-ACP => pimeloyl-ACP	24
b0181	LPXA	Involved in the biosynthesis of lipid A, a phosphorylated glycolipid that anchors the lipopolysaccharide to the outer membrane of the cell (By similarity)	Lipopolysaccharide biosynthesis, KDO2-lipid A	36
b0182	LPXB	Condensation of UDP-2,3-diacylglucosamine and 2,3- diacylglucosamine-1-phosphate to form lipid A disaccharide, a precursor of lipid A, a phosphorylated glycolipid that anchors the lipopolysaccharide to the outer membrane of the cell (By similarity)	Lipopolysaccharide biosynthesis, KDO2-lipid A	18
b0184	DNAE	DNA polymerase III, subunit alpha	DNA polymerase III complex, bacteria	40
b0185	ACCA	Component of the acetyl coenzyme A carboxylase (ACC) complex. First, biotin carboxylase catalyzes the carboxylation of biotin on its carrier protein (BCCP) and then the CO(2) group is transferred by the carboxyltransferase to acetyl-CoA to form malonyl-CoA (By similarity)	Fatty acid biosynthesis, initiation	28
b0188	TILS	Ligates lysine onto the cytidine present at position 34 of the AUA codon-specific tRNA(Ile) that contains the anticodon CAU, in an ATP-dependent manner. Cytidine is converted to lysidine, thus changing the amino acid specificity of the tRNA from methionine to isoleucine (By similarity)	NA	24
b0194	PROS	Catalyzes the attachment of proline to tRNA(Pro) in a two-step reaction proline is first activated by ATP to form Pro- AMP and then transferred to the acceptor end of tRNA(Pro). As ProRS can inadvertently accommodate and process non-cognate amino acids such as alanine and cysteine, to avoid such errors it has two additional distinct editing activities against alanine. One activity is designated as 'pretransfer' editing and involves the tRNA(Pro)-independent hydrolysis of activated Ala-AMP. The other activity is designated 'posttransfer' editing and involves deacylation of mischarged Ala-tRNA(Pro). The misacylated Cys- tRNA(Pro) is not edited by ProRS (By similarity)	Aminoacyl-tRNA biosynthesis, prokaryotes	63
b0215	DNAQ	DNA polymerase III, epsilon subunit	DNA polymerase III complex, bacteria	19
b0369	HEMB	delta-aminolevulinic acid dehydratase	Heme biosynthesis, glutamate => protoheme/siroheme	12
b0408	SECD	Part of the Sec protein translocase complex. Interacts with the SecYEG preprotein conducting channel. SecDF uses the proton motive force (PMF) to complete protein translocation after the ATP-dependent function of SecA (By similarity)	Sec (secretion) system	27
b0409	SECF	Part of the Sec protein translocase complex. Interacts with the SecYEG preprotein conducting channel. SecDF uses the proton motive force (PMF) to complete protein translocation after the ATP-dependent function of SecA (By similarity)	Sec (secretion) system	32
b0414	RIBD	Converts 2,5-diamino-6-(ribosylamino)-4(3h)-pyrimidinone 5'-phosphate into 5-amino-6-(ribosylamino)-2,4(1h,3h)- pyrimidinedione 5'-phosphate (By similarity)	Riboflavin biosynthesis, GTP => riboflavin/FMN/FAD	25
b0415	RIBH	Catalyzes the formation of 6,7-dimethyl-8- ribityllumazine by condensation of 5-amino-6-(D- ribitylamino)uracil with 3,4-dihydroxy-2-butanone 4-phosphate. This is the penultimate step in the biosynthesis of riboflavin (By similarity)	Riboflavin biosynthesis, GTP => riboflavin/FMN/FAD	12
b0416	NUSB	Involved in the transcription termination process (By similarity)	NA	12
b0417	THIL	Catalyzes the ATP-dependent phosphorylation of thiamine- monophosphate (TMP) to form thiamine-pyrophosphate (TPP), the active form of vitamin B1 (By similarity)	Thiamine biosynthesis, AIR => thiamine-P/thiamine-2P	14
b0420	DXS	Catalyzes the acyloin condensation reaction between C atoms 2 and 3 of pyruvate and glyceraldehyde 3-phosphate to yield 1-deoxy-D-xylulose-5-phosphate (DXP) (By similarity)	C5 isoprenoid biosynthesis, non-mevalonate pathway	33
b0421	ISPA	geranyltranstransferase	C10-C20 isoprenoid biosynthesis, bacteria	31
b0470	DNAX	DNA polymerase III, subunits gamma and tau	DNA polymerase III complex, bacteria	55
b0474	ADK	Catalyzes the reversible transfer of the terminal phosphate group between ATP and AMP. Plays an important role in cellular energy homeostasis and in adenine nucleotide metabolism (By similarity)	Adenine ribonucleotide biosynthesis, IMP => ADP,ATP	24
b0475	HEMH	Catalyzes the ferrous insertion into protoporphyrin IX (By similarity)	Heme biosynthesis, glutamate => protoheme/siroheme	17
b0524	LPXH	Catalyzes the hydrolysis of the pyrophosphate bond of UDP-2,3-diacylglucosamine to yield 2,3-diacylglucosamine 1- phosphate (lipid X) and UMP (By similarity)	Lipopolysaccharide biosynthesis, KDO2-lipid A	12
b0526	CYSS	cysteinyl-tRNA synthetase	Aminoacyl-tRNA biosynthesis, prokaryotes	37
b0529	FOLD	Catalyzes the oxidation of 5,10- methylenetetrahydrofolate to 5,10-methenyltetrahydrofolate and then the hydrolysis of 5,10-methenyltetrahydrofolate to 10- formyltetrahydrofolate (By similarity)	NA	19
b0628	LIPA	Catalyzes the radical-mediated insertion of two sulfur atoms into the C-6 and C-8 positions of the octanoyl moiety bound to the lipoyl domains of lipoate-dependent enzymes, thereby converting the octanoylated domains into lipoylated derivatives (By similarity)	NA	13
b0631	YBED	UPF0250 protein	NA	3
b0634	MRDB	rod shape-determining protein RodA	NA	43
b0635	MRDA	penicillin-binding protein 2	NA	45
b0639	NADD	Catalyzes the reversible adenylation of nicotinate mononucleotide (NaMN) to nicotinic acid adenine dinucleotide (NaAD) (By similarity)	NAD biosynthesis, aspartate => NAD	18
b0640	HOLA	DNA polymerase III, delta' subunit	DNA polymerase III complex, bacteria	9
b0641	RLPB	Rare lipoprotein B	NA	3
b0642	LEUS	Leucyl-tRNA synthetase	Aminoacyl-tRNA biosynthesis, prokaryotes	100
b0657	LNT	Transfers the fatty acyl group on membrane lipoproteins (By similarity)	NA	9
b0659	YBEY	Single strand-specific metallo-endoribonuclease involved in late-stage 70S ribosome quality control and in maturation of the 3' terminus of the 16S rRNA (By similarity)	NA	18
b0680	GLNS	glutaminyl-tRNA synthetase	Aminoacyl-tRNA biosynthesis, prokaryotes	48
b0684	FLDA	Low-potential electron donor to a number of redox enzymes (By similarity)	NA	5
b0884	INFA	however, it seems to stimulate more or less all the activities of the other two initiation factors, IF-2 and IF-3 (By similarity)	NA	27
b0891	LOLA	Participates in the translocation of lipoproteins from the inner membrane to the outer membrane. Only forms a complex with a lipoprotein if the residue after the N-terminal Cys is not an aspartate (The Asp acts as a targeting signal to indicate that the lipoprotein should stay in the inner membrane) (By similarity)	NA	9
b0893	SERS	Catalyzes the attachment of serine to tRNA(Ser). Is also able to aminoacylate tRNA(Sec) with serine, to form the misacylated tRNA L-seryl-tRNA(Sec), which will be further converted into selenocysteinyl-tRNA(Sec) (By similarity)	Aminoacyl-tRNA biosynthesis, prokaryotes	32
b0911	RPSA	thus facilitating recognition of the initiation point. It is needed to translate mRNA with a short Shine-Dalgarno (SD) purine-rich sequence (By similarity)	Ribosome, bacteria	33
b0914	MSBA	Involved in lipid A export and possibly also in glycerophospholipid export and for biogenesis of the outer membrane. Transmembrane domains (TMD) form a pore in the inner membrane and the ATP-binding domain (NBD) is responsible for energy generation (By similarity)	NA	100
b0915	LPXK	Transfers the gamma-phosphate of ATP to the 4'-position of a tetraacyldisaccharide 1-phosphate intermediate (termed DS-1- P) to form tetraacyldisaccharide 1,4'-bis-phosphate (lipid IVA) (By similarity)	Lipopolysaccharide biosynthesis, KDO2-lipid A	18
b0918	KDSB	Activates KDO (a required 8-carbon sugar) for incorporation into bacterial lipopolysaccharide in Gram-negative bacteria (By similarity)	CMP-KDO biosynthesis	16
b0922	MUKF	Involved in chromosome condensation, segregation and cell cycle progression. May participate in facilitating chromosome segregation by condensation DNA from both sides of a centrally located replisome during cell division. Not required for mini-F plasmid partitioning. Probably acts via its interaction with MukB and MukE. Overexpression results in anucleate cells. It has a calcium binding activity (By similarity)	NA	0
b0923	MUKE	Involved in chromosome condensation, segregation and cell cycle progression. May participate in facilitating chromosome segregation by condensation DNA from both sides of a centrally located replisome during cell division. Probably acts via its interaction with MukB and MukF (By similarity)	NA	1
b0924	MUKB	Plays a central role in chromosome condensation, segregation and cell cycle progression. Functions as a homodimer, which is essential for chromosome partition. Involved in negative DNA supercoiling in vivo, and by this means organize and compact chromosomes. May achieve or facilitate chromosome segregation by condensation DNA from both sides of a centrally located replisome during cell division (By similarity)	NA	1
b0930	ASNS	asparaginyl-tRNA synthetase	Aminoacyl-tRNA biosynthesis, prokaryotes	43
b0954	FABA	Necessary for the introduction of cis unsaturation into fatty acids. Catalyzes the dehydration of (3R)-3-hydroxydecanoyl- ACP to E-(2)-decenoyl-ACP and then its isomerization to Z-(3)- decenoyl-ACP. Can catalyze the dehydratase reaction for beta- hydroxyacyl-ACPs with saturated chain lengths up to 16 0, being most active on intermediate chain length (By similarity)	Fatty acid biosynthesis, elongation	11
b1069	MVIN	Integral membrane protein mviN	NA	14
b1091	FABH	Catalyzes the condensation reaction of fatty acid synthesis by the addition to an acyl acceptor of two carbons from malonyl-ACP. Catalyzes the first condensation reaction which initiates fatty acid synthesis and may therefore play a role in governing the total rate of fatty acid production. Possesses both acetoacetyl-ACP synthase and acetyl transacylase activities. Its substrate specificity determines the biosynthesis of branched- chain and or straight-chain of fatty acids (By similarity)	Fatty acid biosynthesis, elongation/ Fatty acid biosynthesis, initiation	23
b1092	FABD	malonyl CoA-acyl carrier protein transacylase	Fatty acid biosynthesis, initiation	38
b1093	FABG	reductase	Fatty acid biosynthesis, elongation/ Pimeloyl-ACP biosynthesis, BioC-BioH pathway, malonyl-ACP => pimeloyl-ACP	64
b1094	ACPP	Carrier of the growing fatty acid chain in fatty acid biosynthesis (By similarity)	NA	19
b1098	TMK	Phosphorylation of dTMP to form dTDP in both de novo and salvage pathways of dTTP synthesis (By similarity)	Pyrimidine deoxyribonuleotide biosynthesis, CDP/CTP => dCDP/dCTP,dTDP/dTTP	24
b1099	HOLB	dna polymerase iii	DNA polymerase III complex, bacteria	40
b1116	LOLC	Lipoprotein releasing system transmembrane protein	Lipoprotein-releasing system	28
b1117	LOLD	Part of the ABC transporter complex LolCDE involved in the translocation of mature outer membrane-directed lipoproteins, from the inner membrane to the periplasmic chaperone, LolA. Responsible for the formation of the LolA-lipoprotein complex in an ATP-dependent manner (By similarity)	Lipoprotein-releasing system	100
b1118	LOLE	Lipoprotein releasing system transmembrane protein	Lipoprotein-releasing system	28
b1131	PURB	adenylosuccinate lyase	Adenine ribonucleotide biosynthesis, IMP => ADP,ATP/ Inosine monophosphate biosynthesis, PRPP + glutamine => IMP	16
b1133	MNMA	Catalyzes the 2-thiolation of uridine at the wobble position (U34) of tRNA, leading to the formation of s(2)U34 (By similarity)	NA	29
b1145	COHE	repressor	NA	1
b1174	MINE	Prevents the cell division inhibition by proteins MinC and MinD at internal division sites while permitting inhibition at polar sites. This ensures cell division at the proper site by restricting the formation of a division septum at the midpoint of the long axis of the cell (By similarity)	NA	5
b1204	PTH	The natural substrate for this enzyme may be peptidyl- tRNAs which drop off the ribosome during protein synthesis (By similarity)	NA	30
b1207	PRS	Phosphoribosyl pyrophosphate synthase	PRPP biosynthesis, ribose 5P => PRPP	29
b1208	ISPE	Catalyzes the phosphorylation of the position 2 hydroxy group of 4-diphosphocytidyl-2C-methyl-D-erythritol (By similarity)	C5 isoprenoid biosynthesis, non-mevalonate pathway	21
b1209	LOLB	Plays a critical role in the incorporation of lipoproteins in the outer membrane after they are released by the LolA protein (By similarity)	NA	8
b1210	HEMA	Catalyzes the NADPH-dependent reduction of glutamyl- tRNA(Glu) to glutamate 1-semialdehyde (GSA) (By similarity)	Heme biosynthesis, glutamate => protoheme/siroheme	10
b1211	PRFA	Peptide chain release factor 1 directs the termination of translation in response to the peptide chain termination codons UAG and UAA (By similarity)	NA	53
b1215	KDSA	Phospho-2-dehydro-3-deoxyoctonate aldolase	CMP-KDO biosynthesis	13
b1274	TOPA	Releases the supercoiling and torsional tension of DNA, which is introduced during the DNA replication and transcription, by transiently cleaving and rejoining one strand of the DNA duplex. Introduces a single-strand break via transesterification at a target site in duplex DNA. The scissile phosphodiester is attacked by the catalytic tyrosine of the enzyme, resulting in the formation of a DNA-(5'-phosphotyrosyl)-enzyme intermediate and the expulsion of a 3'-OH DNA strand. The free DNA strand then undergoes passage around the unbroken strand, thus removing DNA supercoils. Finally, in the religation step, the DNA 3'-OH attacks the covalent intermediate to expel the active-site tyrosine and restore the DNA phosphodiester backbone (By similarity)	NA	23
b1277	RIBA	Catalyzes the conversion of GTP to 2,5-diamino-6- ribosylamino-4(3H)-pyrimidinone 5'-phosphate (DARP), formate and pyrophosphate (By similarity)	Riboflavin biosynthesis, GTP => riboflavin/FMN/FAD	14
b1288	FABI	Enoyl- acyl-carrier-protein reductase NADH	Fatty acid biosynthesis, elongation/ Pimeloyl-ACP biosynthesis, BioC-BioH pathway, malonyl-ACP => pimeloyl-ACP	45
b1637	TYRS	Catalyzes the attachment of tyrosine to tRNA(Tyr) in a two-step reaction tyrosine is first activated by ATP to form Tyr- AMP and then transferred to the acceptor end of tRNA(Tyr) (By similarity)	Aminoacyl-tRNA biosynthesis, prokaryotes	30
b1662	RIBE	riboflavin synthase, subunit alpha	Riboflavin biosynthesis, GTP => riboflavin/FMN/FAD	10
b1713	PHET	phenylalanyl-tRNA synthetase beta subunit	Aminoacyl-tRNA biosynthesis, prokaryotes	32
b1714	PHES	Phenylalanyl-tRNA synthetase alpha subunit	Aminoacyl-tRNA biosynthesis, prokaryotes	31
b1716	RPLT	Binds directly to 23S ribosomal RNA and is necessary for the in vitro assembly process of the 50S ribosomal subunit. It is not involved in the protein synthesizing functions of that subunit (By similarity)	Ribosome, bacteria	25
b1718	INFC	IF-3 binds to the 30S ribosomal subunit and shifts the equilibrum between 70S ribosomes and their 50S and 30S subunits in favor of the free subunits, thus enhancing the availability of 30S subunits on which protein synthesis initiation begins (By similarity)	NA	29
b1719	THRS	threonyl-tRNA synthetase	Aminoacyl-tRNA biosynthesis, prokaryotes	56
b1740	NADE	NH3-dependent NAD( ) synthetase	NAD biosynthesis, aspartate => NAD	19
b1779	GAPA	Catalyzes the NAD-dependent conversion of D-erythrose 4- phosphate to 4-phosphoerythronate (By similarity)	Glycolysis (Embden-Meyerhof pathway), glucose => pyruvate/ Glycolysis, core module involving three-carbon compounds/ Gluconeogenesis, oxaloacetate => fructose-6P/ D-galactonate degradation, De Ley-Doudoroff pathway, D-galactonate => glycerate-3P	27
b1807	YEAZ	Peptidase M22 Glycoprotease	NA	23
b1866	ASPS	Aspartyl-tRNA synthetase	Aminoacyl-tRNA biosynthesis, prokaryotes	71
b1876	ARGS	arginyl-tRNa synthetase	Aminoacyl-tRNA biosynthesis, prokaryotes	28
b1912	PGSA	CDP-diacylglycerol-glycerol-3-phosphate 3-phosphatidyltransferase	NA	27
b2114	METG	Is required not only for elongation of protein synthesis but also for the initiation of all mRNA translation through initiator tRNA(fMet) aminoacylation (By similarity)	Aminoacyl-tRNA biosynthesis, prokaryotes	57
b2153	FOLE	GTP cyclohydrolase I	Tetrahydrofolate biosynthesis, GTP => THF	19
b2185	RPLY	This is one of the proteins that binds to the 5S RNA in the ribosome where it forms part of the central protuberance (By similarity)	Ribosome, bacteria	8
b2231	GYRA	DNA gyrase negatively supercoils closed circular double- stranded DNA in an ATP-dependent manner and also catalyzes the interconversion of other topological isomers of double-stranded DNA rings, including catenanes and knotted rings (By similarity)	NA	48
b2234	NRDA	Provides the precursors necessary for DNA synthesis. Catalyzes the biosynthesis of deoxyribonucleotides from the corresponding ribonucleotides (By similarity)	Pyrimidine deoxyribonuleotide biosynthesis, CDP/CTP => dCDP/dCTP,dTDP/dTTP	24
b2235	NRDB	reductase, subunit beta	Pyrimidine deoxyribonuleotide biosynthesis, CDP/CTP => dCDP/dCTP,dTDP/dTTP	21
b2311	UBIX	3-octaprenyl-4-hydroxybenzoate carboxy-lyase	Ubiquinone biosynthesis, prokaryotes, chorismate => ubiquinone	4
b2315	FOLC	folylpolyglutamate synthase dihydrofolate synthase	Tetrahydrofolate biosynthesis, GTP => THF	22
b2316	ACCD	Component of the acetyl coenzyme A carboxylase (ACC) complex. Biotin carboxylase (BC) catalyzes the carboxylation of biotin on its carrier protein (BCCP) and then the CO(2) group is transferred by the transcarboxylase to acetyl-CoA to form malonyl- CoA (By similarity)	Fatty acid biosynthesis, initiation	31
b2323	FABB	Catalyzes the condensation reaction of fatty acid synthesis by the addition to an acyl acceptor of two carbons from malonyl-ACP (By similarity)	Fatty acid biosynthesis, elongation/ Pimeloyl-ACP biosynthesis, BioC-BioH pathway, malonyl-ACP => pimeloyl-ACP	52
b2400	GLTX	Catalyzes the attachment of glutamate to tRNA(Glu) in a two-step reaction glutamate is first activated by ATP to form Glu-AMP and then transferred to the acceptor end of tRNA(Glu) (By similarity)	Heme biosynthesis, glutamate => protoheme/siroheme/ Aminoacyl-tRNA biosynthesis, prokaryotes	50
b2411	LIGA	DNA ligase that catalyzes the formation of phosphodiester linkages between 5'-phosphoryl and 3'-hydroxyl groups in double-stranded DNA using NAD as a coenzyme and as the energy source for the reaction. It is essential for DNA replication and repair of damaged DNA (By similarity)	NA	33
b2412		receptor for the septal ring structure, may anchor it to the inner-membrane (By similarity)	NA	5
b2472	DAPE	Catalyzes the hydrolysis of N-succinyl-L,L- diaminopimelic acid (SDAP), forming succinate and LL-2,6- diaminoheptanedioate (DAP), an intermediate involved in the bacterial biosynthesis of lysine and meso-diaminopimelic acid, an essential component of bacterial cell walls (By similarity)	Lysine biosynthesis, succinyl-DAP pathway, aspartate => lysine	15
b2478	DAPA	Catalyzes the condensation of (S)-aspartate-beta- semialdehyde (S)-ASA and pyruvate to 4-hydroxy- tetrahydrodipicolinate (HTPA) (By similarity)	Lysine biosynthesis, succinyl-DAP pathway, aspartate => lysine	21
b2496	HDA	Mediates the interaction of DNA replication inititator protein DnaA with DNA polymerase subunit beta sliding clamp (dnaN). Stimulates hydrolysis of ATP-DnaA to ADP-DnaA, rendering DnaA inactive for reinititation, a process called regulatory inhibition of DnaA or RIDA (By similarity)	NA	26
b2511	DER	GTPase that plays an essential role in the late steps of ribosome biogenesis (By similarity)	NA	70
b2514	HISS	histidyl-tRNA synthetase	Aminoacyl-tRNA biosynthesis, prokaryotes	31
b2515	ISPG	Converts 2C-methyl-D-erythritol 2,4-cyclodiphosphate (ME-2,4cPP) into 1-hydroxy-2-methyl-2-(E)-butenyl 4-diphosphate (By similarity)	C5 isoprenoid biosynthesis, non-mevalonate pathway	22
b2530	ISCS	Catalyzes the removal of elemental sulfur from cysteine to produce alanine (By similarity)	NA	46
b2533	SUHB	inositol monophosphatase	NA	12
b2551	GLYA	Catalyzes the reversible interconversion of serine and glycine with tetrahydrofolate (THF) serving as the one-carbon carrier. This reaction serves as the major source of one-carbon groups required for the biosynthesis of purines, thymidylate, methionine, and other important biomolecules. Also exhibits THF- independent aldolase activity toward beta-hydroxyamino acids, producing glycine and aldehydes, via a retro-aldol mechanism (By similarity)	NA	18
b2559	TADA	deaminase	NA	27
b2563	ACPS	Transfers the 4'-phosphopantetheine moiety from coenzyme A to a Ser of acyl-carrier-protein (By similarity)	NA	9
b2566	ERA	An essential GTPase that binds both GDP and GTP, with rapid nucleotide exchange. Plays a role in 16S rRNA processing and 30S ribosomal subunit biogenesis and possibly also in cell cycle regulation and energy metabolism (By similarity)	NA	60
b2567	RNC	Digests double-stranded RNA. Involved in the processing of primary rRNA transcript to yield the immediate precursors to the large and small rRNAs (23S and 16S). Also processes some mRNAs, and tRNAs when they are encoded in the rRNA operon (By similarity)	NA	11
b2568	LEPB	Signal peptidase I	NA	17
b2585	PSSA	Phosphatidylserine synthase	Phosphatidylethanolamine (PE) biosynthesis, PA => PS => PE	2
b2595	BAMD	Part of the outer membrane protein assembly complex, which is involved in assembly and insertion of beta-barrel proteins into the outer membrane	NA	7
b2606	RPLS	This protein is located at the 30S-50S ribosomal subunit interface and may play a role in the structure and function of the aminoacyl-tRNA binding site (By similarity)	Ribosome, bacteria	19
b2607	TRMD	Specifically methylates guanosine-37 in various tRNAs (By similarity)	NA	22
b2608	RIMM	An accessory protein needed during the final step in the assembly of 30S ribosomal subunit, possibly for assembly of the head region. Probably interacts with S19. Essential for efficient processing of 16S rRNA. May be needed both before and after RbfA during the maturation of 16S rRNA. It has affinity for free ribosomal 30S subunits but not for 70S ribosomes (By similarity)	NA	19
b2609	RPSP	30s ribosomal protein s16	Ribosome, bacteria	20
b2610	FFH	Involved in targeting and insertion of nascent membrane proteins into the cytoplasmic membrane. Binds to the hydrophobic signal sequence of the ribosome-nascent chain (RNC) as it emerges from the ribosomes. The SRP-RNC complex is then targeted to the cytoplasmic membrane where it interacts with the SRP receptor FtsY. Interaction with FtsY leads to the transfer of the RNC complex to the Sec translocase for insertion into the membrane, the hydrolysis of GTP by both Ffh and FtsY, and the dissociation of the SRP-FtsY complex into the individual components (By similarity)	Sec (secretion) system	57
b2615	PPNK	Catalyzes the phosphorylation of NAD to NADP. Utilizes ATP and other nucleoside triphosphates as well as inorganic polyphosphate as a source of phosphorus (By similarity)	NA	25
b2697	ALAS	Catalyzes the attachment of alanine to tRNA(Ala) in a two-step reaction alanine is first activated by ATP to form Ala- AMP and then transferred to the acceptor end of tRNA(Ala). Also edits incorrectly charged Ser-tRNA(Ala) and Gly-tRNA(Ala) via its editing domain (By similarity)	Aminoacyl-tRNA biosynthesis, prokaryotes	35
b2746	ISPF	Involved in the biosynthesis of isopentenyl diphosphate (IPP) and dimethylallyl diphosphate (DMAPP), two major building blocks of isoprenoid compounds. Catalyzes the conversion of 4- diphosphocytidyl-2-C-methyl-D-erythritol 2-phosphate (CDP-ME2P) to 2-C-methyl-D-erythritol 2,4-cyclodiphosphate (ME-CPP) with a corresponding release of cytidine 5-monophosphate (CMP) (By similarity)	C5 isoprenoid biosynthesis, non-mevalonate pathway	20
b2747	ISPD	Catalyzes the formation of 4-diphosphocytidyl-2-C- methyl-D-erythritol from CTP and 2-C-methyl-D-erythritol 4- phosphate (MEP) (By similarity)	C5 isoprenoid biosynthesis, non-mevalonate pathway	24
b2748	FTSB	Essential cell division protein. May link together the upstream cell division proteins, which are predominantly cytoplasmic, with the downstream cell division proteins, which are predominantly periplasmic (By similarity)	NA	5
b2779	ENO	Catalyzes the reversible conversion of 2- phosphoglycerate into phosphoenolpyruvate. It is essential for the degradation of carbohydrates via glycolysis (By similarity)	Gluconeogenesis, oxaloacetate => fructose-6P/ Glycolysis (Embden-Meyerhof pathway), glucose => pyruvate/ Glycolysis, core module involving three-carbon compounds/ RNA degradosome	20
b2780	PYRG	Catalyzes the ATP-dependent amination of UTP to CTP with either L-glutamine or ammonia as the source of nitrogen (By similarity)	Pyrimidine ribonucleotide biosynthesis, UMP => UDP/UTP,CDP/CTP	25
b2827	THYA	Provides the sole de novo source of dTMP for DNA biosynthesis (By similarity)	Pyrimidine deoxyribonuleotide biosynthesis, CDP/CTP => dCDP/dCTP,dTDP/dTTP	25
b2828	LGT	Transfers the N-acyl diglyceride group on what will become the N-terminal cysteine of membrane lipoproteins (By similarity)	NA	19
b2890	LYSS	lysyl-tRNA synthetase	Aminoacyl-tRNA biosynthesis, prokaryotes	71
b2891	PRFB	Peptide chain release factor 2 directs the termination of translation in response to the peptide chain termination codons UGA and UAA (By similarity)	NA	53
b2898	YGFZ	Folate-binding protein involved in regulating the level of ATP-DnaA and in the modification of some tRNAs. It is probably a key factor in regulatory networks that act via tRNA modification, such as initiation of chromosomal replication (By similarity)	NA	8
b2907	UBIH	hydroxylase	Ubiquinone biosynthesis, prokaryotes, chorismate => ubiquinone	19
b2925	FBAA	fructose-bisphosphate aldolase	Glycolysis (Embden-Meyerhof pathway), glucose => pyruvate/ Gluconeogenesis, oxaloacetate => fructose-6P	21
b2926	PGK	phosphoglycerate kinase	Glycolysis, core module involving three-carbon compounds/ Gluconeogenesis, oxaloacetate => fructose-6P/ Glycolysis (Embden-Meyerhof pathway), glucose => pyruvate/ D-galactonate degradation, De Ley-Doudoroff pathway, D-galactonate => glycerate-3P	22
b2942	METK	Catalyzes the formation of S-adenosylmethionine from methionine and ATP. The overall synthetic reaction is composed of two sequential steps, AdoMet formation and the subsequent tripolyphosphate hydrolysis which occurs prior to release of AdoMet from the enzyme (By similarity)	NA	29
b2949	YQGF	Could be a nuclease that resolves Holliday junction intermediates in genetic recombination (By similarity)	NA	13
b3018	PLSC	1-acyl-sn-glycerol-3-phosphate acyltransferase	NA	5
b3030	PARE	DNA topoisomerase IV, subunit B	NA	60
b3041	RIBB	Catalyzes the conversion of D-ribulose 5-phosphate to formate and 3,4-dihydroxy-2-butanone 4-phosphate (By similarity)	Riboflavin biosynthesis, GTP => riboflavin/FMN/FAD	9
b3056	CCA	Catalyzes the addition and repair of the essential 3'- terminal CCA sequence in tRNAs without using a nucleic acid template. Adds these three nucleotides in the order of C, C, and A to the tRNA nucleotide-73, using CTP and ATP as substrates and producing inorganic pyrophosphate. Also shows phosphatase, 2'- nucleotidase and 2',3'-cyclic phosphodiesterase activities. These phosphohydrolase activities are probably involved in the repair of the tRNA 3'-CCA terminus degraded by intracellular RNases (By similarity)	NA	21
b3058	FOLB	dihydroneopterin aldolase	Tetrahydrofolate biosynthesis, GTP => THF	5
b3064	GCP	Required for the formation of a threonylcarbamoyl group on adenosine at position 37 (t(6)A37) in tRNAs that read codons beginning with adenine (By similarity)	NA	25
b3065	RPSU	30S ribosomal protein S21	Ribosome, bacteria	14
b3066	DNAG	DNA primase is the polymerase that synthesizes small RNA primers for the Okazaki fragments on both template strands at replication forks during chromosomal DNA synthesis (By similarity)	NA	27
b3067	RPOD	Sigma factors are initiation factors that promote the attachment of RNA polymerase to specific initiation sites and are then released (By similarity)	NA	43
b3165	RPSO	One of the primary rRNA binding proteins, it binds directly to 16S rRNA where it helps nucleate assembly of the platform of the 30S subunit by binding and bridging several RNA helices of the 16S rRNA (By similarity)	Ribosome, bacteria	19
b3168	INFB	One of the essential components for the initiation of protein synthesis. Protects formylmethionyl-tRNA from spontaneous hydrolysis and promotes its binding to the 30S ribosomal subunits. Also involved in the hydrolysis of GTP during the formation of the 70S ribosomal complex (By similarity)	NA	62
b3169	NUSA	Transcription elongation factor NusA	NA	27
b3176	GLMM	Catalyzes the conversion of glucosamine-6-phosphate to glucosamine-1-phosphate (By similarity)	NA	38
b3177	FOLP	dihydropteroate synthase	Tetrahydrofolate biosynthesis, GTP => THF	22
b3178	FTSH	Acts as a processive, ATP-dependent zinc metallopeptidase for both cytoplasmic and membrane proteins. Plays a role in the quality control of integral membrane proteins (By similarity)	Aminoglycoside resistance, protease FtsH	33
b3183	OBG	An essential GTPase which binds GTP, GDP and possibly (p)ppGpp with moderate affinity, with high nucleotide exchange rates and a fairly low GTP hydrolysis rate. It may play a role in control of the cell cycle, stress response, ribosome biogenesis and in those bacteria that undergo differentiation, in morphogenesis control (By similarity)	NA	29
b3185	RPMA	50S ribosomal protein L27	Ribosome, bacteria	22
b3186	RPLU	This protein binds to 23S rRNA in the presence of protein L20 (By similarity)	Ribosome, bacteria	20
b3187	ISPB	octaprenyl-diphosphate synthase	NA	31
b3189	MURA	Cell wall formation. Adds enolpyruvyl to UDP-N- acetylglucosamine (By similarity)	NA	27
b3200	LPTA	lipopolysaccharide transport periplasmic protein lptA	NA	7
b3201	LPTB	abc transporter atp-binding protein	Lipopolysaccharide export system	100
b3231	RPLM	This protein is one of the early assembly proteins of the 50S ribosomal subunit, although it is not seen to bind rRNA by itself. It is important during the early stages of 50S assembly (By similarity)	Ribosome, bacteria	29
b3249	MRED	Rod shape-determining protein MreD	NA	5
b3250	MREC	Involved in formation and maintenance of cell shape (By similarity)	NA	8
b3251	MREB	Rod shape-determining protein mreb	NA	54
b3255	ACCB	Acetyl-CoA carboxylase, biotin carboxyl carrier protein	Fatty acid biosynthesis, initiation	23
b3256	ACCC	acetyl-CoA carboxylase biotin carboxylase	Fatty acid biosynthesis, initiation	31
b3282	RIMN	Required for the formation of a threonylcarbamoyl group on adenosine at position 37 (t(6)A37) in tRNAs that read codons beginning with adenine (By similarity)	NA	25
b3287	DEF	Removes the formyl group from the N-terminal Met of newly synthesized proteins. Requires at least a dipeptide for an efficient rate of reaction. N-terminal L-methionine is a prerequisite for activity but the enzyme has broad specificity at other positions (By similarity)	NA	22
b3288	FMT	Modifies the free amino group of the aminoacyl moiety of methionyl-tRNA(fMet). The formyl group appears to play a dual role in the initiator identity of N-formylmethionyl-tRNA by (I) promoting its recognition by IF2 and (II) impairing its binding to EFTu-GTP (By similarity)	NA	33
b3294	RPLQ	50S ribosomal protein L17	Ribosome, bacteria	24
b3295	RPOA	DNA-dependent RNA polymerase catalyzes the transcription of DNA into RNA using the four ribonucleoside triphosphates as substrates (By similarity)	RNA polymerase, bacteria	32
b3296	RPSD	One of the primary rRNA binding proteins, it binds directly to 16S rRNA where it nucleates assembly of the body of the 30S subunit (By similarity)	Ribosome, bacteria	31
b3297	RPSK	Located on the platform of the 30S subunit, it bridges several disparate RNA helices of the 16S rRNA. Forms part of the Shine-Dalgarno cleft in the 70S ribosome (By similarity)	Ribosome, bacteria	28
b3298	RPSM	Located at the top of the head of the 30S subunit, it contacts several helices of the 16S rRNA. In the 70S ribosome it contacts the 23S rRNA (bridge B1a) and protein L5 of the 50S subunit (bridge B1b), connecting the 2 subunits	Ribosome, bacteria	28
b3300	SECY	The central subunit of the protein translocation channel SecYEG. Consists of two halves formed by TMs 1-5 and 6-10. These two domains form a lateral gate at the front which open onto the bilayer between TMs 2 and 7, and are clamped together by SecE at the back. The channel is closed by both a pore ring composed of hydrophobic SecY resides and a short helix (helix 2A) on the extracellular side of the membrane which forms a plug. The plug probably moves laterally to allow the channel to open. The ring and the pore may move independently (By similarity)	Sec (secretion) system	31
b3301	RPLO	Binds to the 23S rRNA (By similarity)	Ribosome, bacteria	10
b3302	RPMD	50S ribosomal protein L30	Ribosome, bacteria	19
b3303	RPSE	Located at the back of the 30S subunit body where it stabilizes the conformation of the head with respect to the body (By similarity)	Ribosome, bacteria	31
b3304	RPLR	This is one of the proteins that binds and probably mediates the attachment of the 5S RNA into the large ribosomal subunit, where it forms part of the central protuberance (By similarity)	Ribosome, bacteria	24
b3305	RPLF	This protein binds to the 23S rRNA, and is important in its secondary structure. It is located near the subunit interface in the base of the L7 L12 stalk, and near the tRNA binding site of the peptidyltransferase center (By similarity)	Ribosome, bacteria	32
b3306	RPSH	One of the primary rRNA binding proteins, it binds directly to 16S rRNA central domain where it helps coordinate assembly of the platform of the 30S subunit (By similarity)	Ribosome, bacteria	27
b3307	RPSN	Binds 16S rRNA, required for the assembly of 30S particles and may also be responsible for determining the conformation of the 16S rRNA at the A site (By similarity)	Ribosome, bacteria	25
b3308	RPLE	This is 1 of the proteins that binds and probably mediates the attachment of the 5S RNA into the large ribosomal subunit, where it forms part of the central protuberance. In the 70S ribosome it contacts protein S13 of the 30S subunit (bridge B1b), connecting the 2 subunits	Ribosome, bacteria	29
b3309	RPLX	One of the proteins that surrounds the polypeptide exit tunnel on the outside of the subunit (By similarity)	Ribosome, bacteria	27
b3310	RPLN	Binds to 23S rRNA. Forms part of two intersubunit bridges in the 70S ribosome (By similarity)	Ribosome, bacteria	24
b3311	RPSQ	One of the primary rRNA binding proteins, it binds specifically to the 5'-end of 16S ribosomal	Ribosome, bacteria	26
b3312	RPMC	50S ribosomal protein L29	Ribosome, bacteria	17
b3313	RPLP	Binds 23S rRNA and is also seen to make contacts with the A and possibly P site tRNAs (By similarity)	Ribosome, bacteria	30
b3314	RPSC	Binds the lower part of the 30S subunit head. Binds mRNA in the 70S ribosome, positioning it for translation (By similarity)	Ribosome, bacteria	33
b3315	RPLV	The globular domain of the protein is located near the polypeptide exit tunnel on the outside of the subunit, while an extended beta-hairpin is found that lines the wall of the exit tunnel in the center of the 70S ribosome (By similarity)	Ribosome, bacteria	26
b3316	RPSS	Protein S19 forms a complex with S13 that binds strongly to the 16S ribosomal RNA (By similarity)	Ribosome, bacteria	23
b3317	RPLB	One of the primary rRNA binding proteins. Required for association of the 30S and 50S subunits to form the 70S ribosome, for tRNA binding and peptide bond formation. It has been suggested to have peptidyltransferase activity	Ribosome, bacteria	30
b3318	RPLW	One of the early assembly proteins it binds 23S rRNA. One of the proteins that surrounds the polypeptide exit tunnel on the outside of the ribosome. Forms the main docking site for trigger factor binding to the ribosome (By similarity)	Ribosome, bacteria	12
b3319	RPLD	One of the primary rRNA binding proteins, this protein initially binds near the 5'-end of the 23S rRNA. It is important during the early stages of 50S assembly. It makes multiple contacts with different domains of the 23S rRNA in the assembled 50S subunit and ribosome (By similarity)	Ribosome, bacteria	31
b3320	RPLC	One of the primary rRNA binding proteins, it binds directly near the 3'-end of the 23S rRNA, where it nucleates assembly of the 50S subunit (By similarity)	Ribosome, bacteria	31
b3321	RPSJ	Involved in the binding of tRNA to the ribosomes (By similarity)	Ribosome, bacteria	24
b3340	FUSA	Catalyzes the GTP-dependent ribosomal translocation step during translation elongation. During this step, the ribosome changes from the pre-translocational (PRE) to the post- translocational (POST) state as the newly formed A-site-bound peptidyl-tRNA and P-site-bound deacylated tRNA move to the P and E sites, respectively. Catalyzes the coordinated movement of the two tRNA molecules, the mRNA and conformational changes in the ribosome (By similarity)	NA	85
b3341	RPSG	One of the primary rRNA binding proteins, it binds directly to 16S rRNA where it nucleates assembly of the head domain of the 30S subunit. Is located at the subunit interface close to the decoding center, probably blocks exit of the E-site tRNA (By similarity)	Ribosome, bacteria	29
b3342	RPSL	Interacts with and stabilizes bases of the 16S rRNA that are involved in tRNA selection in the A site and with the mRNA backbone. Located at the interface of the 30S and 50S subunits, it traverses the body of the 30S subunit contacting proteins on the other side and probably holding the rRNA structure together. The combined cluster of proteins S8, S12 and S17 appears to hold together the shoulder and platform of the 30S subunit (By similarity)	Ribosome, bacteria	28
b3433	ASD	Catalyzes the NADPH-dependent formation of L-aspartate- semialdehyde (L-ASA) by the reductive dephosphorylation of L- aspartyl-4-phosphate (By similarity)	Lysine biosynthesis, succinyl-DAP pathway, aspartate => lysine/ Methionine biosynthesis, apartate => homoserine => methionine/ Threonine biosynthesis, aspartate => homoserine => threonine	17
b3461	RPOH	Sigma factors are initiation factors that promote the attachment of RNA polymerase to specific initiation sites and are then released (By similarity)	NA	43
b3464	FTSY	Involved in targeting and insertion of nascent membrane proteins into the cytoplasmic membrane. Acts as a receptor for the complex formed by the signal recognition particle (SRP) and the ribosome-nascent chain (RNC). Interaction with SRP-RNC leads to the transfer of the RNC complex to the Sec translocase for insertion into the membrane, the hydrolysis of GTP by both Ffh and FtsY, and the dissociation of the SRP-FtsY complex into the individual components (By similarity)	Sec (secretion) system	57
b3559	GLYS	Glycyl-tRNA synthetase beta subunit	Aminoacyl-tRNA biosynthesis, prokaryotes	22
b3560	GLYQ	glycyl-tRNA synthetase, alpha subunit	Aminoacyl-tRNA biosynthesis, prokaryotes	18
b3608	GPSA	NAD(P)H-dependent glycerol-3-phosphate dehydrogenase	NA	17
b3633	KDTA	3-Deoxy-D-manno-octulosonic-acid transferase	Lipopolysaccharide biosynthesis, KDO2-lipid A	18
b3634	COAD	Reversibly transfers an adenylyl group from ATP to 4'- phosphopantetheine, yielding dephospho-CoA (dPCoA) and pyrophosphate (By similarity)	Coenzyme A biosynthesis, pantothenate => CoA	23
b3637	RPMB	50S ribosomal protein L28	Ribosome, bacteria	16
b3639	DFP	Phosphopantothenoylcysteine decarboxylase	Coenzyme A biosynthesis, pantothenate => CoA	25
b3640	DUT	This enzyme is involved in nucleotide metabolism it produces dUMP, the immediate precursor of thymidine nucleotides and it decreases the intracellular concentration of dUTP so that uracil cannot be incorporated into DNA (By similarity)	Pyrimidine deoxyribonuleotide biosynthesis, CDP/CTP => dCDP/dCTP,dTDP/dTTP	12
b3648	GMK	Essential for recycling GMP and indirectly, cGMP (By similarity)	Guanine ribonucleotide biosynthesis IMP => GDP,GTP	29
b3699	GYRB	DNA gyrase negatively supercoils closed circular double- stranded DNA in an ATP-dependent manner and also catalyzes the interconversion of other topological isomers of double-stranded DNA rings, including catenanes and knotted rings (By similarity)	NA	60
b3701	DNAN	DNA polymerase III is a complex, multichain enzyme responsible for most of the replicative synthesis in bacteria. This DNA polymerase also exhibits 3' to 5' exonuclease activity. The beta chain is required for initiation of replication once it is clamped onto DNA, it slides freely (bidirectional and ATP- independent) along duplex DNA (By similarity)	DNA polymerase III complex, bacteria	25
b3702	DNAA	it binds specifically double-stranded DNA at a 9 bp consensus (dnaA box) 5'-TTATC CA A CA A-3'. DnaA binds to ATP and to acidic phospholipids (By similarity)	NA	33
b3703	RPMH	50s ribosomal protein l34	Ribosome, bacteria	18
b3704	RNPA	RNaseP catalyzes the removal of the 5'-leader sequence from pre-tRNA to produce the mature 5'-terminus. It can also cleave other RNA substrates such as 4.5S RNA. The protein component plays an auxiliary but essential role in vivo by binding to the 5'-leader sequence and broadening the substrate specificity of the ribozyme (By similarity)	NA	8
b3705	YIDC	Required for the insertion and or proper folding and or complex formation of integral membrane proteins into the membrane. Involved in integration of membrane proteins that insert both dependently and independently of the Sec translocase complex, as well as at least some lipoproteins. Aids folding of multispanning membrane proteins (By similarity)	Sec (secretion) system	28
b3729	GLMS	Catalyzes the first step in hexosamine metabolism, converting fructose-6P into glucosamine-6P using glutamine as a nitrogen source (By similarity)	NA	33
b3730	GLMU	Catalyzes the last two sequential reactions in the de novo biosynthetic pathway for UDP-N-acetylglucosamine (UDP- GlcNAc). The C-terminal domain catalyzes the transfer of acetyl group from acetyl coenzyme A to glucosamine-1-phosphate (GlcN-1-P) to produce N-acetylglucosamine-1-phosphate (GlcNAc-1-P), which is converted into UDP-GlcNAc by the transfer of uridine 5- monophosphate (from uridine 5-triphosphate), a reaction catalyzed by the N-terminal domain (By similarity)	Nucleotide sugar biosynthesis, prokaryotes	34
b3783	RHO	Facilitates transcription termination by a mechanism that involves Rho binding to the nascent RNA, activation of Rho's RNA-dependent ATPase activity, and release of the mRNA from the DNA template (By similarity)	NA	19
b3804	HEMD	Uroporphyrinogen-III synthase	Heme biosynthesis, glutamate => protoheme/siroheme	5
b3805	HEMC	Tetrapolymerization of the monopyrrole PBG into the hydroxymethylbilane pre-uroporphyrinogen in several discrete steps (By similarity)	Heme biosynthesis, glutamate => protoheme/siroheme	18
b3833	UBIE	Methyltransferase required for the conversion of demethylmenaquinone (DMKH2) to menaquinone (MKH2) and the conversion of 2-polyprenyl-6-methoxy-1,4-benzoquinol (DDMQH2) to 2-polyprenyl-3-methyl-6-methoxy-1,4-benzoquinol (DMQH2) (By similarity)	Ubiquinone biosynthesis, prokaryotes, chorismate => ubiquinone/ Menaquinone biosynthesis, chorismate => menaquinone	21
b3835	UBIB	Required, probably indirectly, for the hydroxylation of 2-octaprenylphenol to 2-octaprenyl-6-hydroxy-phenol, the fourth step in ubiquinone biosynthesis (By similarity)	NA	11
b3843	UBID	Catalyzes the decarboxylation of 3-octaprenyl-4-hydroxy benzoate to 2-octaprenylphenol (By similarity)	Ubiquinone biosynthesis, prokaryotes, chorismate => ubiquinone	3
b3850	HEMG	Protoporphyrinogen oxidase	Heme biosynthesis, glutamate => protoheme/siroheme	1
b3863	POLA	Dna polymerase I	NA	14
b3865	ENGB	Necessary for normal cell division and for the maintenance of normal septation (By similarity)	NA	29
b3935	PRIA	primosomal protein N''	NA	14
b3967	MURI	Provides the (R)-glutamate required for cell wall biosynthesis (By similarity)	NA	21
b3972	MURB	Cell wall formation (By similarity)	NA	25
b3973	BIRA	Biotin-protein ligase	NA	25
b3974	COAA	Pantothenic acid kinase	Coenzyme A biosynthesis, pantothenate => CoA	9
b3981	SECE	preprotein translocase subunit SecE	Sec (secretion) system	9
b3982	NUSG	Participates in transcription elongation, termination and antitermination (By similarity)	NA	25
b3983	RPLK	This protein binds directly to 23S ribosomal RNA (By similarity)	Ribosome, bacteria	28
b3984	RPLA	Binds directly to 23S rRNA. The L1 stalk is quite mobile in the ribosome, and is involved in E site tRNA release (By similarity)	Ribosome, bacteria	26
b3985	RPLJ	50S ribosomal protein L10	Ribosome, bacteria	27
b3986	RPLL	Seems to be the binding site for several of the factors involved in protein synthesis and appears to be essential for accurate translation (By similarity)	Ribosome, bacteria	26
b3987	RPOB	DNA-dependent RNA polymerase catalyzes the transcription of DNA into RNA using the four ribonucleoside triphosphates as substrates (By similarity)	RNA polymerase, bacteria	32
b3988	RPOC	DNA-dependent RNA polymerase catalyzes the transcription of DNA into RNA using the four ribonucleoside triphosphates as substrates (By similarity)	RNA polymerase, bacteria	31
b3997	HEME	Catalyzes the decarboxylation of four acetate groups of uroporphyrinogen-III to yield coproporphyrinogen-III (By similarity)	Heme biosynthesis, glutamate => protoheme/siroheme	17
b4040	UBIA	Synthesis of 3-octaprenyl-4-hydroxybenzoate (By similarity)	Ubiquinone biosynthesis, prokaryotes, chorismate => ubiquinone	12
b4041	PLSB	glycerol-3-phosphate acyltransferase	NA	4
b4043	LEXA	Represses a number of genes involved in the response to DNA damage (SOS response), including recA and lexA. In the presence of single-stranded DNA, RecA interacts with LexA causing an autocatalytic cleavage which disrupts the DNA-binding part of LexA, leading to derepression of the SOS regulon and eventually DNA repair (By similarity)	NA	5
b4052	DNAB	Replicative dna helicase	NA	35
b4059	SSB	single-stranded DNA-binding protein	NA	21
b4142	GROS	Binds to Cpn60 in the presence of Mg-ATP and suppresses the ATPase activity of the latter (By similarity)	NA	22
b4143	GROL	Prevents misfolding and promotes the refolding and proper assembly of unfolded polypeptides generated under stress conditions (By similarity)	NA	26
b4160	PSD	Phosphatidylserine decarboxylase proenzyme	Phosphatidylethanolamine (PE) biosynthesis, PA => PS => PE	6
b4162	ORN	3'-to-5' exoribonuclease specific for small oligoribonucleotides (By similarity)	NA	8
b4168	YJEE	UPF0079 ATP-binding protein	NA	17
b4200	RPSF	Binds together with S18 to 16S ribosomal RNA (By similarity)	Ribosome, bacteria	23
b4202	RPSR	Binds as a heterodimer with protein S6 to the central domain of the 16S rRNA, where it helps stabilize the platform of the 30S subunit (By similarity)	Ribosome, bacteria	21
b4226	PPA	pyrophosphate phospho-hydrolase	NA	16
b4258	VALS	amino acids such as threonine, to avoid such errors, it has a posttransfer editing activity that hydrolyzes mischarged Thr-tRNA(Val) in a tRNA-dependent manner (By similarity)	Aminoacyl-tRNA biosynthesis, prokaryotes	92
b4259	HOLC	dna polymerase iii, chi subunit	DNA polymerase III complex, bacteria	1
b4261	YJGP	permease YjgP YjgQ family protein	Lipopolysaccharide export system	10
b4262	YJGQ	permease YjgP YjgQ family protein	Lipopolysaccharide export system	15
b4361	DNAC	dna replication protein	NA	0
b4362	DNAT	it is also involved in inducing stable DNA replication during SOS response. It forms, in concert with DnaB protein and other prepriming proteins DnaC, N, N', N'' a prepriming protein complex on the specific site of the template DNA recognized by protein N' (By similarity)	NA	0
